Filing Date,Document Type,Filed By,Description
"March 17, 2025","<a href=""https://docs.cpuc.ca.gov/SearchRes.aspx?DocFormat=ALL&DocID=559072932""><span style=""color:blue""><u>EXPARTE</u></span></a>",CPUC/COMMR/PresidentReynolds,"DECISIONMAKER NOTICE OF EX PARTE COMMUNICATION on November 20, 2024, at 1:00PM lasting approximately thirty minutes via Webex initiated by Solar Energy Industries Association with Kerry Fleisher, Chief Policy Advisor to President Reynolds; Khalil Johnson, Energy Advisor to President Reynolds and Jeanne Armstrong, Regulatory Counsel; Rachel Bird, Forefront Power; James McGarry, New Leaf Energy and Keri Smith, Nexamp. See also, notice filed 3-14-25."
"March 14, 2025","<a href=""https://docs.cpuc.ca.gov/SearchRes.aspx?DocFormat=ALL&DocID=558423120""><span style=""color:blue""><u>EXPARTE</u></span></a>",Solar Energy Industries Association,Late Notice of Ex Parte Communications.
"January 10, 2025","<a href=""https://docs.cpuc.ca.gov/SearchRes.aspx?DocFormat=ALL&DocID=554654697""><span style=""color:blue""><u>DECISION</u></span></a>",,Decision D2501001 - Order Correcting Error In Decision 24-12-034. Rulemaking (R.) 17-07-007 remains closed.
"December 19, 2024","<a href=""https://docs.cpuc.ca.gov/SearchRes.aspx?DocFormat=ALL&DocID=550482067""><span style=""color:blue""><u>DECISION</u></span></a>",,Decision D2412034 - Decision Closing Proceeding. Rulemaking 17-07-007 is closed.
"December 05, 2024","<a href=""https://docs.cpuc.ca.gov/SearchRes.aspx?DocFormat=ALL&DocID=548361750""><span style=""color:blue""><u>COMMENTS</u></span></a>",Small Business Utility Advocates,Comments on Proposed Decision
"December 05, 2024","<a href=""https://docs.cpuc.ca.gov/SearchRes.aspx?DocFormat=ALL&DocID=548362307""><span style=""color:blue""><u>COMMENTS</u></span></a>",The Utility Reform Network,Comments on Proposed Decision
"November 15, 2024","<a href=""https://docs.cpuc.ca.gov/SearchRes.aspx?DocFormat=ALL&DocID=546381906""><span style=""color:blue""><u>PROPOSED DECISION</u></span></a>",ALJ/TOY/CPUC,"PROPOSED DECISION CLOSING PROCEEDING. Opening Comments, which shall not exceed 15 pages, are due on December 5, 2024. Reply Comments, which shall not exceed 5 pages, are due 5 days after the last day for filing Opening Comments."
"October 28, 2024","<a href=""https://docs.cpuc.ca.gov/SearchRes.aspx?DocFormat=ALL&DocID=544652359""><span style=""color:blue""><u>EXPARTE</u></span></a>",CPUC/COMMR/PresidentReynolds,"DECISIONMAKER NOTICE OF EX PARTE COMMUNICATION. Khalil Johnson, Energy and Water Advisor to President Reynolds logs an ex parte meeting with Clean Coalition on July 24, 2024 at 1:00 pm."
"September 23, 2024","<a href=""https://docs.cpuc.ca.gov/SearchRes.aspx?DocFormat=ALL&DocID=541092171""><span style=""color:blue""><u>MOTION</u></span></a>",Applied Medical Resources Inc.,APPLIED MEDICAL RESOURCES INC. MOTION FOR PARTY STATUS
"September 09, 2024","<a href=""https://docs.cpuc.ca.gov/SearchRes.aspx?DocFormat=ALL&DocID=539999876""><span style=""color:blue""><u>COMPLIANCE  FILING</u></span></a>",San Diego Gas & Electric Company,OPERATIONAL FLEXIBILITY PILOT REPORT.
"August 22, 2024","<a href=""https://docs.cpuc.ca.gov/SearchRes.aspx?DocFormat=ALL&DocID=538617647""><span style=""color:blue""><u>RULING</u></span></a>",ALJ/TOY/CPUC,ADMINISTRATIVE LAW JUDGES RULING DENYING WITHOUT PREJUDICE PARTY STATUS TO APPLIED MEDICAL RESOURCES CORPORATION
"August 01, 2024","<a href=""https://docs.cpuc.ca.gov/SearchRes.aspx?DocFormat=ALL&DocID=537631862""><span style=""color:blue""><u>DECISION</u></span></a>",,"Decision D2408019 - Order Extending Statutory Deadline. This decision extend the statutory deadline for completion of Rulemaking 17-07-007 to January 31, 2025."
"July 26, 2024","<a href=""https://docs.cpuc.ca.gov/SearchRes.aspx?DocFormat=ALL&DocID=536706029""><span style=""color:blue""><u>EXPARTE</u></span></a>",Clean Coalition,"CLEAN COALITION NOTICE OF EX PARTE COMMUNICATION Pursuant to Rule 8.4 of the Rules of Practice and Procedure of the California Public Utilities Commission (Commission), the Clean Coalition hereby provides this notice of an ex parte communication, initiated by the Clean Coalition. The meeting took place on Wednesday, July 24, 2024, from 1:00 p.m.  1:30 p.m. and was attended by Khalil Johnson, Advisor to President Reynolds. Ben Schwartz, Policy Manager, attended on behalf of the Clean Coalition. The meeting was held virtually, using Webex."
"July 18, 2024","<a href=""https://docs.cpuc.ca.gov/SearchRes.aspx?DocFormat=ALL&DocID=536108993""><span style=""color:blue""><u>EXPARTE</u></span></a>",Clean Coalition,"CLEAN COALITION THREE-DAY ADVANCE NOTICE OF EX PARTE MEETING Pursuant to Rule 8.2(c)(2) of the Rules of Practice and Procedure of the California Public Utilities Commission (Commission), this notice is given that the Clean Coalition requested, and was granted an ex parte meeting. The meeting is scheduled to take place on July 24, 2024, from 1:00 - 1:30 p.m. via Webex with Khalil Johnson, Advisor to President Reynolds. The following individuals will attend the meeting on behalf of the Clean Coalition: Ben Schwartz, Policy Manager, and Craig Lewis, Executive Director."
"July 16, 2024","<a href=""https://docs.cpuc.ca.gov/SearchRes.aspx?DocFormat=ALL&DocID=536086742""><span style=""color:blue""><u>MOTION</u></span></a>",Applied Medical Resources Inc.,APPLIED MEDICAL RESOURCES INC. MOTION FOR PARTY STATUS
"January 30, 2024","<a href=""https://docs.cpuc.ca.gov/SearchRes.aspx?DocFormat=ALL&DocID=524233947""><span style=""color:blue""><u>NOTICE</u></span></a>",CALJ/Cooke/CPUC,NOTCE OF CO-ASSIGNMENT
"January 17, 2024","<a href=""https://docs.cpuc.ca.gov/SearchRes.aspx?DocFormat=ALL&DocID=523993133""><span style=""color:blue""><u>NOTICE</u></span></a>",Ava Community Energy Authority,NOTICE OF PARTY NAME CHANGE FROM EAST BAY COMMUNITY ENERGY AUTHORITY TO AVA COMMUNITY ENERGY AUTHORITY
"March 27, 2023","<a href=""https://docs.cpuc.ca.gov/SearchRes.aspx?DocFormat=ALL&DocID=504801663""><span style=""color:blue""><u>EXPARTE</u></span></a>",CPUC/COMMR/PresidentReynolds,"DECISIONMAKER NOTICE OF EX PARTE COMMUNICATION on January 6, 2023, at 11:00AM lasting approximately thirty minutes via Webex initiated by Green Power Institute with Kerry Fleisher, Chief Policy Advisor to President Reynolds and Gregg Morris, Director.  For written materials provided please see the notice filed by Green Power Institute on February 23, 2023."
"February 10, 2023","<a href=""https://docs.cpuc.ca.gov/SearchRes.aspx?DocFormat=ALL&DocID=502201442""><span style=""color:blue""><u>EXPARTE</u></span></a>",Green Power Institute,GREEN POWER INSTITUTE LATE FILED NOTICE OF EX PARTE MEETING
"February 02, 2023","<a href=""https://docs.cpuc.ca.gov/SearchRes.aspx?DocFormat=ALL&DocID=501931060""><span style=""color:blue""><u>DECISION</u></span></a>",,Decision D2302015 - Decision Granting Compensation To Green Power IInstitute For Substantial Contribution To Decision 21-06-002.
"January 03, 2023","<a href=""https://docs.cpuc.ca.gov/SearchRes.aspx?DocFormat=ALL&DocID=500762252""><span style=""color:blue""><u>NOTICE</u></span></a>",Green Power Institute,"GREEN POWER INSTITUTE THREE DAY ADVANCED NOTICE OF EX PARTE MEETING In accordance with the Commission’s Rules of Practice and Procedure, the Green Power Institute respectfully submits this Three-Day Advanced Notice of Ex Parte Meeting. On January 6, 2023, GPI Director Gregg Morris will hold a zoom meeting with Kerry Fleisher, Chief of Staff to Commission President Alice Reynolds, to discuss a Proposed Decision on GPI’s July 30, 2021,Intervenor Compensation Claim in R.17-07-007.President Reynolds is the assigned Commissioner for the subject proceeding. As part of the conversation, we will discuss a handout that we have put together for the purpose. We are attaching a copy of thishandoutto this notice"
"December 15, 2022","<a href=""https://docs.cpuc.ca.gov/SearchRes.aspx?DocFormat=ALL&DocID=500172461""><span style=""color:blue""><u>DECISION</u></span></a>",,Decision D2212051 - Decision Granting Compensation To The Small Business Utility Advocates For Substantial Contribution To Decision 21-06-002 And Decision 20-09-035.
"October 10, 2022","<a href=""https://docs.cpuc.ca.gov/SearchRes.aspx?DocFormat=ALL&DocID=497808383""><span style=""color:blue""><u>DECISION</u></span></a>",,Decision D2210020 - Order Correcting Errors In Resolution E-5172.
"August 17, 2022","<a href=""https://docs.cpuc.ca.gov/SearchRes.aspx?DocFormat=ALL&DocID=496524823""><span style=""color:blue""><u>RULING</u></span></a>",ALJ/HYMES/CPUC,ADMINISTRATIVE LAW JUDGE’S RULING SUSPENDING PROCEEDING SCHEDULE
"April 26, 2022","<a href=""https://docs.cpuc.ca.gov/SearchRes.aspx?DocFormat=ALL&DocID=471484920""><span style=""color:blue""><u>RULING</u></span></a>",ALJ/HYMES/CPUC,"ADMINISTRATIVE LAW JUDGE’S RULING ESTABLISHING PHASE II SCHEDULE, PROVIDING TESTIMONY GUIDANCE, AND NOTICING A JUNE 3, 2022 DISTRIBUTION UPGRADES COST SHARING WORKSHOP"
"April 07, 2022","<a href=""https://docs.cpuc.ca.gov/SearchRes.aspx?DocFormat=ALL&DocID=468725478""><span style=""color:blue""><u>DECISION</u></span></a>",,Decision D2204003 - Decision Exempting Small Multi-Jurisdicational Utilities From Applying Rule 21 Requirements Adopted In Earlier Decisions In This Rulemaking.
"April 05, 2022","<a href=""https://docs.cpuc.ca.gov/SearchRes.aspx?DocFormat=ALL&DocID=461696021""><span style=""color:blue""><u>DECISION</u></span></a>",,Decision D2204001 - Order Correcting Errors In Decision 20-09-035.
"March 17, 2022","<a href=""https://docs.cpuc.ca.gov/SearchRes.aspx?DocFormat=ALL&DocID=462248828""><span style=""color:blue""><u>DECISION</u></span></a>",,Decision D2203024 - Decision Granting Compensation To The Utility Reform Network For Substantial Contribution To Decision 20-09-035.
"March 09, 2022","<a href=""https://docs.cpuc.ca.gov/SearchRes.aspx?DocFormat=ALL&DocID=456594246""><span style=""color:blue""><u>COMMENTS</u></span></a>","Bear Valley Electric Service, Inc.,Liberty Utilities (CalPeco Electric) LLC,PacifiCorp","JOINT COMMENTS OF BEAR VALLEY ELECTRIC SERVICE, INC. (U 913 E), LIBERTY UTILITIES (CALPECO ELECTRIC) LLC (U 933 E), AND PACIFICORP (U 901 E) ON THE PROPOSED DECISION EXEMPTING SMALL MULTI-JURISDICTIONAL UTILITIES FROM APPLYING RULE 21 REQUIREMENTS ADOPTED IN EARLIER DECISIONS IN THIS RULEMAKING"
"February 28, 2022","<a href=""https://docs.cpuc.ca.gov/SearchRes.aspx?DocFormat=ALL&DocID=454876194""><span style=""color:blue""><u>RULING</u></span></a>",ALJ/HYMES/CPUC,ADMINISTRATIVE LAW JUDGE’S RULING NOTICING TWO WORKSHOPS TO COMMENCE PHASE II OF PROCEEDING
"February 17, 2022","<a href=""https://docs.cpuc.ca.gov/SearchRes.aspx?DocFormat=ALL&DocID=452408193""><span style=""color:blue""><u>PROPOSED DECISION</u></span></a>",CMMR/ALICE_REYNOLDS/CPUC,"PROPOSED DECISION EXEMPTING SMALL MULTI-JURISDICTIONAL UTILITIES FROM APPLYING RULE 21 REQUIREMENTS ADOPTED IN EARLIER DECISIONS IN THIS RULEMAKING. Opening Comments, which shall not exceed 15 pages, are due on March 9, 2022. Reply Comments, which shall not exceed 5 pages, are due 5 days after the last day for filing Opening Comments."
"January 27, 2022","<a href=""https://docs.cpuc.ca.gov/SearchRes.aspx?DocFormat=ALL&DocID=447862007""><span style=""color:blue""><u>DECISION</u></span></a>",,Decision D2201028 - Decision Granting Intervenor Compensation To Green Power Institute For Substantial Contributions To Decision 20-09-035.
"January 24, 2022","<a href=""https://docs.cpuc.ca.gov/SearchRes.aspx?DocFormat=ALL&DocID=444124067""><span style=""color:blue""><u>NOTICE</u></span></a>",CALJ/Simon/CPUC,NOTICE OF REASSIGNMENT. Rulemaking 17-07-007 is being reassigned from Commissioner Martha Guzman Aceves to President Alice Reynolds
"December 15, 2021","<a href=""https://docs.cpuc.ca.gov/SearchRes.aspx?DocFormat=ALL&DocID=430839627""><span style=""color:blue""><u>REPORT</u></span></a>",Pacific Gas and Electric Company,Phase II Status Report
"December 01, 2021","<a href=""https://docs.cpuc.ca.gov/SearchRes.aspx?DocFormat=ALL&DocID=426770936""><span style=""color:blue""><u>RULING</u></span></a>",ALJ/HYMES/CPUC,E-MAIL RULING DELAYING WORKSHOP AND DIRECTING THE FILING OF A STATUS REPORT
"October 22, 2021","<a href=""https://docs.cpuc.ca.gov/SearchRes.aspx?DocFormat=ALL&DocID=417595396""><span style=""color:blue""><u>COMPLIANCE  FILING</u></span></a>",Southern California Edison Company,ISSUE 13 REPORT REGARDING DISTRIBUTION UPGRADE COST SHARING
"October 22, 2021","<a href=""https://docs.cpuc.ca.gov/SearchRes.aspx?DocFormat=ALL&DocID=417401389""><span style=""color:blue""><u>COMPLIANCE  FILING</u></span></a>",SAN DIEGO GAS & ELECTRIC COMPANY,REPORT ON THE NEED AND A PROCESS FOR DISTRIBUTION UPGRADE COST-SHARING AMONG DEVELOPERS
"October 22, 2021","<a href=""https://docs.cpuc.ca.gov/SearchRes.aspx?DocFormat=ALL&DocID=417419285""><span style=""color:blue""><u>COMPLIANCE  FILING</u></span></a>",Pacific Gas and Electric Company,Report per Ordering Paragraph 8 of Commission Decision 21-06-002.
"October 21, 2021","<a href=""https://docs.cpuc.ca.gov/SearchRes.aspx?DocFormat=ALL&DocID=417372109""><span style=""color:blue""><u>RULING</u></span></a>",ALJ/HYMES/CPUC,"E-MAIL RULING SEEKING COMMENT ON OCTOBER 4, 2021 WORKING GROUP EIGHT FINAL REPORT. Parties are invited to comment on the Report in order to develop a record on whether the Commission should adopt the proposals contained in the Report. Parties may file comments no later than November 12, 2021; replies may be filed no later than November 19, 2021."
"October 04, 2021","<a href=""https://docs.cpuc.ca.gov/SearchRes.aspx?DocFormat=ALL&DocID=413581180""><span style=""color:blue""><u>REPORT</u></span></a>","Bear Valley Electric Service,Liberty Utilities (CalPeco Electric) LLC,PacifiCorp",JOINT WORKING GROUP EIGHT FINAL REPORT
"August 03, 2021","<a href=""https://docs.cpuc.ca.gov/SearchRes.aspx?DocFormat=ALL&DocID=397312163""><span style=""color:blue""><u>REQUEST</u></span></a>",Small Business Utility Advocates,"for intervenor compensation for contribution to D21-06-002, D20-09-035"
"July 30, 2021","<a href=""https://docs.cpuc.ca.gov/SearchRes.aspx?DocFormat=ALL&DocID=397775972""><span style=""color:blue""><u>REQUEST</u></span></a>",Green Power Institute,for intervenor compensation for contribution to D21-06-002
"July 13, 2021","<a href=""https://docs.cpuc.ca.gov/SearchRes.aspx?DocFormat=ALL&DocID=392633139""><span style=""color:blue""><u>SCOPING RULING</u></span></a>",CMMR/GUZMAN ACEVES/CPUC,"ASSIGNED COMMISSIONER’S THIRD AMENDED SCOPING MEMO. This Third Amended Scoping Memo clarifies that a proposed decision in Phase II of this proceeding will be issued no later than 90 days after Reply Briefs are filed, which is currently estimated to be September 2022. This Third Amended Scoping Memo further clarifies that, pursuant to Public Utilities Code Section 1701.5 (b), Phase II of this proceeding will be resolved no later than 18 months after the commencement of Phase II, which is currently estimated to begin in December 2021."
"June 03, 2021","<a href=""https://docs.cpuc.ca.gov/SearchRes.aspx?DocFormat=ALL&DocID=387064665""><span style=""color:blue""><u>DECISION</u></span></a>",,Decision D2106002 - Decision Addressing Remaining Phase 1 Issues.
"May 19, 2021","<a href=""https://docs.cpuc.ca.gov/SearchRes.aspx?DocFormat=ALL&DocID=384940939""><span style=""color:blue""><u>RULING</u></span></a>",ALJ/HYMES/CPUC,E-MAIL RULING GRANTING CALIFORNIA ENERGY STORAGE ALLIANCE MOTION TO ACCEPT LATE-FILED REPLY COMMENTS
"May 12, 2021","<a href=""https://docs.cpuc.ca.gov/SearchRes.aspx?DocFormat=ALL&DocID=384265152""><span style=""color:blue""><u>SCOPING RULING</u></span></a>",CMMR/GUZMAN ACEVES/CPUC,Assigned Commissioner’s Second Amended Scoping Memo and Ruling for Phase II of proceeding. The category of the proceeding is ratesetting. Evidentiary hearing is needed. The scope and the schedule of Phase II of this proceeding are as set forth. The presiding officer is Administrative Law Judge Kelly A. Hymes. 
"May 04, 2021","<a href=""https://docs.cpuc.ca.gov/SearchRes.aspx?DocFormat=ALL&DocID=384940918""><span style=""color:blue""><u>COMMENTS</u></span></a>",California Energy Storage Alliance,REPLY COMMENTS ON PROPOSED DECISION
"May 04, 2021","<a href=""https://docs.cpuc.ca.gov/SearchRes.aspx?DocFormat=ALL&DocID=381264969""><span style=""color:blue""><u>MOTION</u></span></a>",California Energy Storage Alliance,MOTION TO ACCEPT LATE-FILED REPLY COMMENTS ON THE PROPOSED DECISION ADDRESSING REMAINING PHASE I ISSUES
"May 03, 2021","<a href=""https://docs.cpuc.ca.gov/SearchRes.aspx?DocFormat=ALL&DocID=381473581""><span style=""color:blue""><u>COMMENTS</u></span></a>",Green Power Institute,Reply Comments on Proposed Decision
"May 03, 2021","<a href=""https://docs.cpuc.ca.gov/SearchRes.aspx?DocFormat=ALL&DocID=384265682""><span style=""color:blue""><u>COMMENTS</u></span></a>",California Solar & Storage Association,REPLY COMMENTS ON THE PROPOSED DECISION 
"May 03, 2021","<a href=""https://docs.cpuc.ca.gov/SearchRes.aspx?DocFormat=ALL&DocID=381520748""><span style=""color:blue""><u>COMMENTS</u></span></a>",Southern California Edison Company,Reply Comments on Proposed Decision
"May 03, 2021","<a href=""https://docs.cpuc.ca.gov/SearchRes.aspx?DocFormat=ALL&DocID=381471557""><span style=""color:blue""><u>COMMENTS</u></span></a>",Small Business Utility Advocates,Reply Comments on Proposed Decision
"May 03, 2021","<a href=""https://docs.cpuc.ca.gov/SearchRes.aspx?DocFormat=ALL&DocID=381473585""><span style=""color:blue""><u>COMMENTS</u></span></a>",Clean Coalition,Reply Comments on Proposed Decision
"May 03, 2021","<a href=""https://docs.cpuc.ca.gov/SearchRes.aspx?DocFormat=ALL&DocID=381481960""><span style=""color:blue""><u>COMMENTS</u></span></a>",Green Power Institute,Reply Comments on Proposed Decision
"May 03, 2021","<a href=""https://docs.cpuc.ca.gov/SearchRes.aspx?DocFormat=ALL&DocID=382183853""><span style=""color:blue""><u>COMMENTS</u></span></a>","Tesla, Inc.",Reply Comments on Proposed Decision
"April 30, 2021","<a href=""https://docs.cpuc.ca.gov/SearchRes.aspx?DocFormat=ALL&DocID=381264963""><span style=""color:blue""><u>COMMENTS</u></span></a>",Southern California Edison Company,Reply comments re Phase II Scoping Email Ruling.
"April 30, 2021","<a href=""https://docs.cpuc.ca.gov/SearchRes.aspx?DocFormat=ALL&DocID=382403291""><span style=""color:blue""><u>COMMENTS</u></span></a>",The Utility Reform Network,Reply Comments on Administrative Law Judge’s Ruling
"April 30, 2021","<a href=""https://docs.cpuc.ca.gov/SearchRes.aspx?DocFormat=ALL&DocID=381520706""><span style=""color:blue""><u>COMMENTS</u></span></a>",Green Power Institute,Reply comments on Administrative Law Judge’s E-Mail Ruling on Phase 2 Scope and Schedule.
"April 27, 2021","<a href=""https://docs.cpuc.ca.gov/SearchRes.aspx?DocFormat=ALL&DocID=380579124""><span style=""color:blue""><u>COMMENTS</u></span></a>",California Solar & Storage Association,Comments on the Proposed Decision addressing remaining Phase I issues.
"April 27, 2021","<a href=""https://docs.cpuc.ca.gov/SearchRes.aspx?DocFormat=ALL&DocID=378737744""><span style=""color:blue""><u>COMMENTS</u></span></a>",California Energy Storage Alliance,COMMENTS ON THE PROPOSED DECISION ADDRESSING REMAINING PHASE I ISSUES
"April 27, 2021","<a href=""https://docs.cpuc.ca.gov/SearchRes.aspx?DocFormat=ALL&DocID=379995148""><span style=""color:blue""><u>COMMENTS</u></span></a>",Pacific Gas and Electric Company,Comments on Proposed Decision addressing remaining Phase I issues.
"April 27, 2021","<a href=""https://docs.cpuc.ca.gov/SearchRes.aspx?DocFormat=ALL&DocID=380856223""><span style=""color:blue""><u>COMMENTS</u></span></a>",Southern California Edison Company,Comments on Proposed Decision addressing remaining Phase I issues.
"April 27, 2021","<a href=""https://docs.cpuc.ca.gov/SearchRes.aspx?DocFormat=ALL&DocID=380579123""><span style=""color:blue""><u>COMMENTS</u></span></a>","Tesla, Inc.",Comments on Proposed Decision addressing remaining Phase I issues.
"April 27, 2021","<a href=""https://docs.cpuc.ca.gov/SearchRes.aspx?DocFormat=ALL&DocID=381472411""><span style=""color:blue""><u>COMMENTS</u></span></a>",Green Power Institute,OPENING COMMENTS ON PROPOSED DECISION
"April 27, 2021","<a href=""https://docs.cpuc.ca.gov/SearchRes.aspx?DocFormat=ALL&DocID=379995149""><span style=""color:blue""><u>COMMENTS</u></span></a>",San Diego Gas & Electric Company,Opening comments on Proposed Decision addressing remaining Phase I issues.
"April 23, 2021","<a href=""https://docs.cpuc.ca.gov/SearchRes.aspx?DocFormat=ALL&DocID=379733900""><span style=""color:blue""><u>COMMENTS</u></span></a>",Cal Advocates/R.Hill/CPUC,Opening Comments on ALJ E-mail Ruling Directing Comments on Proposed Scope and Schedule for Phase II
"April 23, 2021","<a href=""https://docs.cpuc.ca.gov/SearchRes.aspx?DocFormat=ALL&DocID=379999763""><span style=""color:blue""><u>COMMENTS</u></span></a>","Southern California Edison Company,Pacific Gas and Electric Company",Comments on Administrative Law Judge’s Ruling
"April 23, 2021","<a href=""https://docs.cpuc.ca.gov/SearchRes.aspx?DocFormat=ALL&DocID=379995108""><span style=""color:blue""><u>COMMENTS</u></span></a>",San Diego Gas & Electric Company,Comments on Administrative Law Judge’s Ruling
"April 23, 2021","<a href=""https://docs.cpuc.ca.gov/SearchRes.aspx?DocFormat=ALL&DocID=379999762""><span style=""color:blue""><u>COMMENTS</u></span></a>",California Energy Storage Alliance,Comments on Administrative Law Judge’s Ruling
"April 23, 2021","<a href=""https://docs.cpuc.ca.gov/SearchRes.aspx?DocFormat=ALL&DocID=378737730""><span style=""color:blue""><u>COMMENTS</u></span></a>",The Utility Reform Network,Comments on Administrative Law Judge’s Ruling
"April 23, 2021","<a href=""https://docs.cpuc.ca.gov/SearchRes.aspx?DocFormat=ALL&DocID=378738177""><span style=""color:blue""><u>COMMENTS</u></span></a>","INTERSTATE RENEWABLE ENERGY COUNCIL, INC.",Comments on Proposed Scope and Schedule for Second Phase of Rulemaking
"April 23, 2021","<a href=""https://docs.cpuc.ca.gov/SearchRes.aspx?DocFormat=ALL&DocID=379995110""><span style=""color:blue""><u>COMMENTS</u></span></a>",Green Power Institute,Comments on Administrative Law Judge’s Ruling
"April 23, 2021","<a href=""https://docs.cpuc.ca.gov/SearchRes.aspx?DocFormat=ALL&DocID=379999785""><span style=""color:blue""><u>COMMENTS</u></span></a>",California Solar & Storage Association,COMMENTS ON THE SCOPE OF PHASE TWO 
"April 23, 2021","<a href=""https://docs.cpuc.ca.gov/SearchRes.aspx?DocFormat=ALL&DocID=378737733""><span style=""color:blue""><u>COMMENTS</u></span></a>",Small Business Utility Advocates,Comments on Administrative Law Judge’s Ruling
"April 23, 2021","<a href=""https://docs.cpuc.ca.gov/SearchRes.aspx?DocFormat=ALL&DocID=384990205""><span style=""color:blue""><u>COMMENTS</u></span></a>",Pacific Gas and Electric Company,Comments to Ruling Reopening Record to Consider the Modification of Decision 12-09-018 and Rule 21.
"April 08, 2021","<a href=""https://docs.cpuc.ca.gov/SearchRes.aspx?DocFormat=ALL&DocID=376054817""><span style=""color:blue""><u>RULING</u></span></a>",ALJ/HYMES/CPUC,"E-MAIL RULING DIRECTING COMMENTS ON PROPOSED SCOPE AND SCHEDULE FOR PHASE II. This e-mail ruling directs parties to comment on the proposed scope and schedule for the second phage of Rulemaking 17-07-007, which will address cost allocation-related issues. Comments shall be filed no later than April 23, 2021 and Reply Comments shall be filed no later than April 30, 2021."
"April 07, 2021","<a href=""https://docs.cpuc.ca.gov/SearchRes.aspx?DocFormat=ALL&DocID=375483827""><span style=""color:blue""><u>PROPOSED DECISION</u></span></a>",CMMR/GUZMAN ACEVES/CPUC,"Proposed Decision Addressing Remaining Phase I Issues. Opening Comments, which shall not exceed 15 pages, are due on April 27, 2021. Reply Comments, which shall not exceed 5 pages, are due 5 days after the last day for filing Opening Comments."
"March 23, 2021","<a href=""https://docs.cpuc.ca.gov/SearchRes.aspx?DocFormat=ALL&DocID=374635966""><span style=""color:blue""><u>MOTION</u></span></a>","SineWatts, Inc.","Motion for Party Status of Sinewatts, Inc."
"February 26, 2021","<a href=""https://docs.cpuc.ca.gov/SearchRes.aspx?DocFormat=ALL&DocID=368055526""><span style=""color:blue""><u>RESPONSE</u></span></a>","Tesla, Inc.","Response to Administrative Law Judge’s E-mail Ruling Directing Responses to Questions on Working Group Four Report and Issues 11 and 13 [ALJ Hymes granted the late filing of this document on February 26, 2021] "
"February 26, 2021","<a href=""https://docs.cpuc.ca.gov/SearchRes.aspx?DocFormat=ALL&DocID=368047089""><span style=""color:blue""><u>COMMENTS</u></span></a>","Tesla, Inc.","Reply Comments Addressing Responses To Questions On Working Group Four Report And Issues 11 And 13 [ALJ Hymes granted the late filing of this document on February 26, 2021] "
"February 26, 2021","<a href=""https://docs.cpuc.ca.gov/SearchRes.aspx?DocFormat=ALL&DocID=368055698""><span style=""color:blue""><u>COMMENTS</u></span></a>",Green Power Institute,"Reply Comments On Working Group Four Final Report. [ALJ Hymes granted the late filing of this document on February 26, 2021]"
"January 20, 2021","<a href=""https://docs.cpuc.ca.gov/SearchRes.aspx?DocFormat=ALL&DocID=359373795""><span style=""color:blue""><u>DECISION</u></span></a>",,Decision D2101027 - Order Correcting Errors in Decision 20-09-035.
"January 11, 2021","<a href=""https://docs.cpuc.ca.gov/SearchRes.aspx?DocFormat=ALL&DocID=359001467""><span style=""color:blue""><u>COMMENTS</u></span></a>",Clean Coalition,Reply Comments on Administrative Law Judge’s Ruling
"January 08, 2021","<a href=""https://docs.cpuc.ca.gov/SearchRes.aspx?DocFormat=ALL&DocID=359001320""><span style=""color:blue""><u>COMMENTS</u></span></a>","INTERSTATE RENEWABLE ENERGY COUNCIL, INC.",Reply comments to questions regarding the Working Group Four Final Report.
"January 08, 2021","<a href=""https://docs.cpuc.ca.gov/SearchRes.aspx?DocFormat=ALL&DocID=359001572""><span style=""color:blue""><u>COMMENTS</u></span></a>",California Solar & Storage Association,Reply Comments on Working Group Four Final Report
"January 08, 2021","<a href=""https://docs.cpuc.ca.gov/SearchRes.aspx?DocFormat=ALL&DocID=359000773""><span style=""color:blue""><u>COMMENTS</u></span></a>",CAL ADVOCATES/HILL/CPUC,Reply comments on Administrative Law Judge’s E-Mail Ruling directing responses to questions on Working Group Four Report and Issues 11 and 13.
"December 18, 2020","<a href=""https://docs.cpuc.ca.gov/SearchRes.aspx?DocFormat=ALL&DocID=355079349""><span style=""color:blue""><u>COMMENTS</u></span></a>",CAL ADVOCATES/HILL/CPUC,Opening Comments on Administrative Law Judge’s Email Ruling Directing Responses to Questions on Working Group Four Report and Issues 11 and 13
"December 18, 2020","<a href=""https://docs.cpuc.ca.gov/SearchRes.aspx?DocFormat=ALL&DocID=356575271""><span style=""color:blue""><u>RESPONSE</u></span></a>",Clean Coalition,Response to E-Mail Ruling directing responses to questions on Working Group Four Report and Issues 11 and 13.
"December 18, 2020","<a href=""https://docs.cpuc.ca.gov/SearchRes.aspx?DocFormat=ALL&DocID=355745712""><span style=""color:blue""><u>COMMENTS</u></span></a>",Green Power Institute,Opening Comments on Working Group Four Report
"December 18, 2020","<a href=""https://docs.cpuc.ca.gov/SearchRes.aspx?DocFormat=ALL&DocID=355777627""><span style=""color:blue""><u>RESPONSE</u></span></a>","INTERSTATE RENEWABLE ENERGY COUNCIL, INC.",RESPONSE TO QUESTIONS REGARDING THE WORKING GROUP FOUR FINAL REPORT
"December 18, 2020","<a href=""https://docs.cpuc.ca.gov/SearchRes.aspx?DocFormat=ALL&DocID=355794988""><span style=""color:blue""><u>COMMENTS</u></span></a>",California Solar & Storage Association,Comments on the Working Group Four Final Report
"December 18, 2020","<a href=""https://docs.cpuc.ca.gov/SearchRes.aspx?DocFormat=ALL&DocID=355733147""><span style=""color:blue""><u>RESPONSE</u></span></a>",San Diego Gas & Electric Company,Response to Working Group 4 Report Questions
"December 18, 2020","<a href=""https://docs.cpuc.ca.gov/SearchRes.aspx?DocFormat=ALL&DocID=355745671""><span style=""color:blue""><u>RESPONSE</u></span></a>",Southern California Edison Company,Response to Email Ruling Directing Responses to Questions on Working Group Four Report and Issues 11 and 13
"December 18, 2020","<a href=""https://docs.cpuc.ca.gov/SearchRes.aspx?DocFormat=ALL&DocID=355745704""><span style=""color:blue""><u>RESPONSE</u></span></a>",Pacific Gas and Electric Company,RESPONSE TO WORKING GROUP 4 REPORT QUESTIONS
"December 18, 2020","<a href=""https://docs.cpuc.ca.gov/SearchRes.aspx?DocFormat=ALL&DocID=355438533""><span style=""color:blue""><u>COMMENTS</u></span></a>",California Energy Storage Alliance,Comments on the E-mail Ruling Directing Responses to Questions on Working Group Four Report and Issues 11 and 13
"November 30, 2020","<a href=""https://docs.cpuc.ca.gov/SearchRes.aspx?DocFormat=ALL&DocID=353127462""><span style=""color:blue""><u>REQUEST</u></span></a>",Green Power Institute,for intervenor compensation for contribution to D20-09-035
"November 30, 2020","<a href=""https://docs.cpuc.ca.gov/SearchRes.aspx?DocFormat=ALL&DocID=353126722""><span style=""color:blue""><u>REQUEST</u></span></a>",The Utility Reform Network,for intervenor compensation for contribution to D20-09-035
"November 16, 2020","<a href=""https://docs.cpuc.ca.gov/SearchRes.aspx?DocFormat=ALL&DocID=351622817""><span style=""color:blue""><u>RULING</u></span></a>",ALJ/HYMES/CPUC,"E-mail Ruling Directing Responses to Questions on Working Group Four Report and Issues 11 and 13. Parties shall develop responses to: a.) the questions contained in Attachment 1 of this E-mail Ruling; b.) the Issue 11 questions provided in this E-mail Ruling; and c.) the question posed in Issue 13. The responses to the questions shall be filed no later than December 18, 2020. Parties shall file reply comments to the responses no later than January 8, 2021."
"October 02, 2020","<a href=""https://docs.cpuc.ca.gov/SearchRes.aspx?DocFormat=ALL&DocID=348078097""><span style=""color:blue""><u>RULING</u></span></a>",ALJ/HYMES/CPUC,"E-Mail Ruling noticing October 16, 2020 workshop to discuss Working Group Report."
"September 24, 2020","<a href=""https://docs.cpuc.ca.gov/SearchRes.aspx?DocFormat=ALL&DocID=347953769""><span style=""color:blue""><u>DECISION</u></span></a>",,"Decision D2009035 - Decision Adopting Recommendations From Working Groups Two, Three, And Subgroup."
"September 14, 2020","<a href=""https://docs.cpuc.ca.gov/SearchRes.aspx?DocFormat=ALL&DocID=346822310""><span style=""color:blue""><u>COMMENTS</u></span></a>",San Diego Gas & Electric Company,"Reply comments on Proposed Decision adopting recommendations from Working Groups Two, Three and Subgroup."
"September 14, 2020","<a href=""https://docs.cpuc.ca.gov/SearchRes.aspx?DocFormat=ALL&DocID=346847234""><span style=""color:blue""><u>COMMENTS</u></span></a>",Clean Coalition,"Reply comments on Proposed Decision adopting recommendations from Working Groups Two, Three and Subgroup."
"September 14, 2020","<a href=""https://docs.cpuc.ca.gov/SearchRes.aspx?DocFormat=ALL&DocID=346822728""><span style=""color:blue""><u>COMMENTS</u></span></a>",Southern California Edison Company,"Reply comments on Proposed Decision adopting recommendations from Working Groups Two, Three and Subgroup."
"September 14, 2020","<a href=""https://docs.cpuc.ca.gov/SearchRes.aspx?DocFormat=ALL&DocID=346827172""><span style=""color:blue""><u>COMMENTS</u></span></a>",Pacific Gas and Electric Company,"Reply comments on Proposed Decision adopting recommendations from Working Groups Two, Three and Subgroup."
"September 14, 2020","<a href=""https://docs.cpuc.ca.gov/SearchRes.aspx?DocFormat=ALL&DocID=347206380""><span style=""color:blue""><u>COMMENTS</u></span></a>","Interstate Renewable Energy Council, Inc.",Reply comments on the Working Groups Two and Three Proposed Decision.
"September 14, 2020","<a href=""https://docs.cpuc.ca.gov/SearchRes.aspx?DocFormat=ALL&DocID=346822738""><span style=""color:blue""><u>COMMENTS</u></span></a>",Green Power Institute,Reply comments on Proposed Decision.
"September 14, 2020","<a href=""https://docs.cpuc.ca.gov/SearchRes.aspx?DocFormat=ALL&DocID=346822731""><span style=""color:blue""><u>COMMENTS</u></span></a>","Tesla, Inc.","Reply comments on Proposed Decision adopting recommendations from Working Groups Two, Three and Subgroup."
"September 14, 2020","<a href=""https://docs.cpuc.ca.gov/SearchRes.aspx?DocFormat=ALL&DocID=346718204""><span style=""color:blue""><u>COMMENTS</u></span></a>",The Utility Reform Network,"Reply comments on the Proposed Decision of Commissioner Guzman Aceves adopting recommendations from Working Groups Two, Three and Subgroup."
"September 14, 2020","<a href=""https://docs.cpuc.ca.gov/SearchRes.aspx?DocFormat=ALL&DocID=346827180""><span style=""color:blue""><u>COMMENTS</u></span></a>",California Energy Storage Alliance,"Reply comments on Proposed Decision adopting recommendations from Working Groups Two, Three and Subgroup."
"September 09, 2020","<a href=""https://docs.cpuc.ca.gov/SearchRes.aspx?DocFormat=ALL&DocID=346291785""><span style=""color:blue""><u>COMMENTS</u></span></a>",Southern California Edison Company,Opening Comments on Proposed Decision.
"September 09, 2020","<a href=""https://docs.cpuc.ca.gov/SearchRes.aspx?DocFormat=ALL&DocID=346698018""><span style=""color:blue""><u>COMMENTS</u></span></a>",CAL ADVOCATES/HILL/CPUC,Opening Comments on Proposed Decision.
"September 09, 2020","<a href=""https://docs.cpuc.ca.gov/SearchRes.aspx?DocFormat=ALL&DocID=346718209""><span style=""color:blue""><u>COMMENTS</u></span></a>",California Energy Storage Alliance,"Comments on the Proposed Decision adopting recommendations from Working Groups Two, Three and Subgroup."
"September 09, 2020","<a href=""https://docs.cpuc.ca.gov/SearchRes.aspx?DocFormat=ALL&DocID=346214827""><span style=""color:blue""><u>COMMENTS</u></span></a>","Tesla, Inc.",Opening Comments on Proposed Decision.
"September 09, 2020","<a href=""https://docs.cpuc.ca.gov/SearchRes.aspx?DocFormat=ALL&DocID=346291782""><span style=""color:blue""><u>COMMENTS</u></span></a>",Pacific Gas and Electric Company,Opening Comments on Proposed Decision.
"September 09, 2020","<a href=""https://docs.cpuc.ca.gov/SearchRes.aspx?DocFormat=ALL&DocID=346827138""><span style=""color:blue""><u>COMMENTS</u></span></a>","INTERSTATE RENEWABLE ENERGY COUNCIL, INC.","Comments on Proposed Decision Adopting Recommendations from Working Groups Two, Three & Subgroup."
"September 09, 2020","<a href=""https://docs.cpuc.ca.gov/SearchRes.aspx?DocFormat=ALL&DocID=346822725""><span style=""color:blue""><u>COMMENTS</u></span></a>",Nuvve Corporation,"Comments on Proposed Decision adopting recommendations from Working Groups Two, Three and Subgroup."
"September 09, 2020","<a href=""https://docs.cpuc.ca.gov/SearchRes.aspx?DocFormat=ALL&DocID=346291831""><span style=""color:blue""><u>COMMENTS</u></span></a>",Vehicle-Grid Integration Council,Comments on Proposed Decision
"September 09, 2020","<a href=""https://docs.cpuc.ca.gov/SearchRes.aspx?DocFormat=ALL&DocID=346259759""><span style=""color:blue""><u>COMMENTS</u></span></a>",California Solar & Storage Association,Opening Comments on Proposed Decision.
"September 09, 2020","<a href=""https://docs.cpuc.ca.gov/SearchRes.aspx?DocFormat=ALL&DocID=346822266""><span style=""color:blue""><u>COMMENTS</u></span></a>",Clean Coalition,"Opening comments on Proposed Decision adopting recommendations from Working Group Two, Three, and Subgroup."
"September 09, 2020","<a href=""https://docs.cpuc.ca.gov/SearchRes.aspx?DocFormat=ALL&DocID=346233185""><span style=""color:blue""><u>COMMENTS</u></span></a>",San Diego Gas & Electric Company,Opening Comments on Proposed Decision.
"September 09, 2020","<a href=""https://docs.cpuc.ca.gov/SearchRes.aspx?DocFormat=ALL&DocID=346822736""><span style=""color:blue""><u>COMMENTS</u></span></a>",Green Power Institute,Opening comments on Proposed Decision.
"September 09, 2020","<a href=""https://docs.cpuc.ca.gov/SearchRes.aspx?DocFormat=ALL&DocID=346822185""><span style=""color:blue""><u>COMMENTS</u></span></a>",Small Business Utility Advocates,Opening Comments on Proposed Decision
"August 20, 2020","<a href=""https://docs.cpuc.ca.gov/SearchRes.aspx?DocFormat=ALL&DocID=345380320""><span style=""color:blue""><u>PROPOSED DECISION</u></span></a>",CMMR/GUZMAN ACEVES/CPUC,"Proposed Decision Adopting Recommendations from Working Groups Two, Three, and Subgroup. Opening Comments, which shall not exceed 15 pages, are due on September 9, 2020. Reply Comments, which shall not exceed 5 pages, are due 5 days after the last day for filing Opening Comments."
"August 13, 2020","<a href=""https://docs.cpuc.ca.gov/SearchRes.aspx?DocFormat=ALL&DocID=345416776""><span style=""color:blue""><u>REPORT</u></span></a>","Pacific Gas and Electric Company,San Diego Gas & Electric Company,Southern California Edison Company",Working Group Four Final Report
"July 17, 2020","<a href=""https://docs.cpuc.ca.gov/SearchRes.aspx?DocFormat=ALL&DocID=341422173""><span style=""color:blue""><u>DECISION</u></span></a>",,Decision D2007040 - Order Correcting Error In Decision 19-03-013.
"May 07, 2020","<a href=""https://docs.cpuc.ca.gov/SearchRes.aspx?DocFormat=ALL&DocID=337432490""><span style=""color:blue""><u>DECISION</u></span></a>",,"Decision D2005022 - Order Extending Statutory Deadline. This decision extends the statutory deadline in this proceeding to May 17, 2021."
"February 27, 2020","<a href=""https://docs.cpuc.ca.gov/SearchRes.aspx?DocFormat=ALL&DocID=328674371""><span style=""color:blue""><u>DECISION</u></span></a>",,Decision D2002063 - Decision Granting Intervenor Compensation To Green Power Institute for Substantial Contribution To Decision 19-03-013.
"January 31, 2020","<a href=""https://docs.cpuc.ca.gov/SearchRes.aspx?DocFormat=ALL&DocID=326933417""><span style=""color:blue""><u>RULING</u></span></a>",ALJ/HYMES/CPUC,E-MAIL RULING GRANTING MOTIONS FOR PARTY STATUS FILED BY VEHICLE-GRID INTEGRATION COUNCIL AND EAST BAY COMMUNITY ENERGY
"January 31, 2020","<a href=""https://docs.cpuc.ca.gov/SearchRes.aspx?DocFormat=ALL&DocID=326281931""><span style=""color:blue""><u>NOTICE</u></span></a>",CALJ/SIMON/CPUC,Notice of Workshop
"January 28, 2020","<a href=""https://docs.cpuc.ca.gov/SearchRes.aspx?DocFormat=ALL&DocID=325526403""><span style=""color:blue""><u>MOTION</u></span></a>",East Bay Community Energy,MOTION FOR PARTY STATUS
"January 27, 2020","<a href=""https://docs.cpuc.ca.gov/SearchRes.aspx?DocFormat=ALL&DocID=329216181""><span style=""color:blue""><u>NOTICE</u></span></a>","Tesla, Inc.",NOTICE OF SUBSTITUTION OF NAMED PARTY REPRESENTATIVE
"January 27, 2020","<a href=""https://docs.cpuc.ca.gov/SearchRes.aspx?DocFormat=ALL&DocID=332038946""><span style=""color:blue""><u>COMMENTS</u></span></a>",California Solar & Storage Association,Reply Comments
"January 27, 2020","<a href=""https://docs.cpuc.ca.gov/SearchRes.aspx?DocFormat=ALL&DocID=332038942""><span style=""color:blue""><u>COMMENTS</u></span></a>","Interstate Remewable Energy Council, Inc,",Reply Comments
"January 27, 2020","<a href=""https://docs.cpuc.ca.gov/SearchRes.aspx?DocFormat=ALL&DocID=332174391""><span style=""color:blue""><u>COMMENTS</u></span></a>",Clean Coalition,Reply Comments
"January 27, 2020","<a href=""https://docs.cpuc.ca.gov/SearchRes.aspx?DocFormat=ALL&DocID=332038943""><span style=""color:blue""><u>COMMENTS</u></span></a>",Green Power Institute,Reply Comments
"January 27, 2020","<a href=""https://docs.cpuc.ca.gov/SearchRes.aspx?DocFormat=ALL&DocID=331066382""><span style=""color:blue""><u>COMMENTS</u></span></a>",Southern California Edison Company,Reply Comments
"January 27, 2020","<a href=""https://docs.cpuc.ca.gov/SearchRes.aspx?DocFormat=ALL&DocID=332298256""><span style=""color:blue""><u>COMMENTS</u></span></a>",The Utility Reform Network,Reply Comments
"January 27, 2020","<a href=""https://docs.cpuc.ca.gov/SearchRes.aspx?DocFormat=ALL&DocID=332038950""><span style=""color:blue""><u>COMMENTS</u></span></a>",Pacific Gas and Electric Company,Reply Comments
"January 27, 2020","<a href=""https://docs.cpuc.ca.gov/SearchRes.aspx?DocFormat=ALL&DocID=332038359""><span style=""color:blue""><u>COMMENTS</u></span></a>",CAL ADVOCATES/HILL/CPUC,Reply Comments
"January 27, 2020","<a href=""https://docs.cpuc.ca.gov/SearchRes.aspx?DocFormat=ALL&DocID=332181715""><span style=""color:blue""><u>COMMENTS</u></span></a>","Tesla, Inc.",Reply Comments
"January 16, 2020","<a href=""https://docs.cpuc.ca.gov/SearchRes.aspx?DocFormat=ALL&DocID=324305960""><span style=""color:blue""><u>DECISION</u></span></a>",,Decision D2001016 - Decision Granting Intervenor Compensation To The Utility Reform Network For Substantial Contribution To Decision 19-03-013.
"January 13, 2020","<a href=""https://docs.cpuc.ca.gov/SearchRes.aspx?DocFormat=ALL&DocID=324940664""><span style=""color:blue""><u>RESPONSE</u></span></a>","Tesla, Inc.","Response to ALJ Ruling (dated Nov 27, 2019) Directing Responses to Questions and Revising Schedule."
"January 13, 2020","<a href=""https://docs.cpuc.ca.gov/SearchRes.aspx?DocFormat=ALL&DocID=330051449""><span style=""color:blue""><u>COMMENTS</u></span></a>",Vehicle-Grid Integration Council,REPLY COMMENTS OF THE VEHICLE-GRID INTEGRATION COUNCIL ON VEHICLE TO GRID ALTERNATING CURRENT INTERCONNECTION SUBGROUP REPORT
"January 13, 2020","<a href=""https://docs.cpuc.ca.gov/SearchRes.aspx?DocFormat=ALL&DocID=325542079""><span style=""color:blue""><u>COMMENTS</u></span></a>",Cal Advocates/R.Hill/CPUC,Comments on Administrative Law Judge’s Ruling
"January 13, 2020","<a href=""https://docs.cpuc.ca.gov/SearchRes.aspx?DocFormat=ALL&DocID=324941947""><span style=""color:blue""><u>RESPONSE</u></span></a>",Southern California Edison Company,Response on Administrative Law Judge’s Ruling
"January 13, 2020","<a href=""https://docs.cpuc.ca.gov/SearchRes.aspx?DocFormat=ALL&DocID=324963079""><span style=""color:blue""><u>RESPONSE</u></span></a>","Interstate Remewable Energy Council, Inc,",Comments and Response on Administrative Law Judge’s Ruling
"January 13, 2020","<a href=""https://docs.cpuc.ca.gov/SearchRes.aspx?DocFormat=ALL&DocID=325033733""><span style=""color:blue""><u>COMMENTS</u></span></a>",California Solar & Storage Association,Comments on Administrative Law Judge’s Ruling
"January 13, 2020","<a href=""https://docs.cpuc.ca.gov/SearchRes.aspx?DocFormat=ALL&DocID=324963078""><span style=""color:blue""><u>RESPONSE</u></span></a>",Pacific Gas and Electric Company,Response on Administrative Law Judge’s Ruling
"January 13, 2020","<a href=""https://docs.cpuc.ca.gov/SearchRes.aspx?DocFormat=ALL&DocID=324940712""><span style=""color:blue""><u>COMMENTS</u></span></a>",Clean Coalition,Comments on Administrative Law Judge’s Ruling
"January 13, 2020","<a href=""https://docs.cpuc.ca.gov/SearchRes.aspx?DocFormat=ALL&DocID=324940713""><span style=""color:blue""><u>RESPONSE</u></span></a>",Small Business Utility Advocates,Response on Administrative Law Judge’s Ruling
"January 13, 2020","<a href=""https://docs.cpuc.ca.gov/SearchRes.aspx?DocFormat=ALL&DocID=325460414""><span style=""color:blue""><u>COMMENTS</u></span></a>","San Diego Gas & Electric Company,Pacific Gas and Electric Company",Joint Reply Comments on Final Report of the Vehicle to Grid Alternating Current Interconnection Subgroup
"January 13, 2020","<a href=""https://docs.cpuc.ca.gov/SearchRes.aspx?DocFormat=ALL&DocID=324941952""><span style=""color:blue""><u>RESPONSE</u></span></a>",California Energy Storage Alliance,Response on Administrative Law Judge’s Ruling
"January 13, 2020","<a href=""https://docs.cpuc.ca.gov/SearchRes.aspx?DocFormat=ALL&DocID=324940710""><span style=""color:blue""><u>COMMENTS</u></span></a>",Southern California Edison Company,Reply Comments on Final Report of the Vehicle to Grid Alternating Current Interconnection Subgroup
"January 06, 2020","<a href=""https://docs.cpuc.ca.gov/SearchRes.aspx?DocFormat=ALL&DocID=325526341""><span style=""color:blue""><u>COMMENTS</u></span></a>",Southern California Edison Company,Comments on Final Report of the Vehicle to Grid Alternating Current Interconnection Subgroup
"January 06, 2020","<a href=""https://docs.cpuc.ca.gov/SearchRes.aspx?DocFormat=ALL&DocID=325620602""><span style=""color:blue""><u>COMMENTS</u></span></a>",California Energy Storage Alliance,Comments to the Vehicle to Grid Alternating Current Interconnection Subgroup Report Workshop.
"January 06, 2020","<a href=""https://docs.cpuc.ca.gov/SearchRes.aspx?DocFormat=ALL&DocID=325526236""><span style=""color:blue""><u>COMMENTS</u></span></a>","San Diego Gas & Electric Company,Pacific Gas and Electric Company",Comments to Final Report of the Vehicle to Grid Alternating Current.
"January 06, 2020","<a href=""https://docs.cpuc.ca.gov/SearchRes.aspx?DocFormat=ALL&DocID=328686330""><span style=""color:blue""><u>COMMENTS</u></span></a>",Vehicle-Grid Integration Council,Comments on Vehicle to Grid Alternating Current Interconnection Subgroup Report
"January 06, 2020","<a href=""https://docs.cpuc.ca.gov/SearchRes.aspx?DocFormat=ALL&DocID=324217855""><span style=""color:blue""><u>MOTION</u></span></a>",Vehicle-Grid Integration Council,Motion for Party Status of Vehicle-Grid Integration Council
"January 06, 2020","<a href=""https://docs.cpuc.ca.gov/SearchRes.aspx?DocFormat=ALL&DocID=325460433""><span style=""color:blue""><u>COMMENTS</u></span></a>",Green Power Institute,Comments on V2G Working Group Final Report.
"December 11, 2019","<a href=""https://docs.cpuc.ca.gov/SearchRes.aspx?DocFormat=ALL&DocID=325636696""><span style=""color:blue""><u>REPORT</u></span></a>",California Energy Storage Alliance,Final Report of the Vehicle to Grid Alternating Current Interconnection Subgroup.
"November 27, 2019","<a href=""https://docs.cpuc.ca.gov/SearchRes.aspx?DocFormat=ALL&DocID=320710784""><span style=""color:blue""><u>RULING</u></span></a>",ALJ/HYMES/CPUC,"Administrative Law Judge’s Ruling Directing Responses to Attached Questions and Revising Schedule [Parties shall file detailed responses to the questions in Attachment A of this Ruling. The responses shall be filed no later than January 13, 2020. Reply comments shall be filed no later than January 27, 2020. Parties may include comments on the contents of the June 14, 2019 Working Group Three Final Report with their January 13, 2020 responses. Working Group Four is authorized to commence during the month of February 2020.] "
"September 17, 2019","<a href=""https://docs.cpuc.ca.gov/SearchRes.aspx?DocFormat=ALL&DocID=313814071""><span style=""color:blue""><u>NOTICE</u></span></a>",CALJ/SIMON/CPUC,Notice of Reassignment of Commissioner
"September 03, 2019","<a href=""https://docs.cpuc.ca.gov/SearchRes.aspx?DocFormat=ALL&DocID=317703444""><span style=""color:blue""><u>NOTICE</u></span></a>","Enel X North America, Inc.","Notice of Name Change from ELECTRIC MOTOR WERKS, INC. to ENEL X NORTH AMERICA, INC."
"August 23, 2019","<a href=""https://docs.cpuc.ca.gov/SearchRes.aspx?DocFormat=ALL&DocID=311582954""><span style=""color:blue""><u>RULING</u></span></a>","ALJ/HYMES/CPUC,ALJ/GOLDBERG/CPUC,ALJ/DOHERTY/CPUC",Joint Administrative Law Judges’ Ruling Establishing Subgroup And Schedule To Develop Proposal On Mobile Inverter Technical Requirements For Rule 21 And Noticing Workshop
"July 31, 2019","<a href=""https://docs.cpuc.ca.gov/SearchRes.aspx?DocFormat=ALL&DocID=310022802""><span style=""color:blue""><u>RULING</u></span></a>",ALJ/HYMES/CPUC,"E-MAIL RULING ADDRESSING TWO MOTIONS FOR PARTY STATUS filed by Electric Motor Werks, Inc. (eMotorWerks) and the Association of Global Automakers, Inc. (Global Automakers)"
"July 31, 2019","<a href=""https://docs.cpuc.ca.gov/SearchRes.aspx?DocFormat=ALL&DocID=310003471""><span style=""color:blue""><u>RULING</u></span></a>",ALJ/HYMES/CPUC,Administrative Law Judge’s Ruling Denying Motion of Green Power Institute for Leave to File Report
"July 10, 2019","<a href=""https://docs.cpuc.ca.gov/SearchRes.aspx?DocFormat=ALL&DocID=309591904""><span style=""color:blue""><u>RULING</u></span></a>",ALJ/HYMES/CPUC,Administrative Law Judge’s Ruling on the Interstate Renewable Energy Council’s showing of significant financial hardship. Interstate Renewable Energy Council has satisfied the eligibility requirements of Pub. Util. Code § 1804(a) and is directed to provide additional information verifying the intervenor’s eligibility to claim intervenor compensation. Additional guidance is provided to Interstate Renewable Energy Council as set forth.
"June 14, 2019","<a href=""https://docs.cpuc.ca.gov/SearchRes.aspx?DocFormat=ALL&DocID=309943907""><span style=""color:blue""><u>REPORT</u></span></a>","San Diego Gas & Electric Company,Pacific Gas and Electric Company,Southern California Edison Company",Report
"June 13, 2019","<a href=""https://docs.cpuc.ca.gov/SearchRes.aspx?DocFormat=ALL&DocID=311289399""><span style=""color:blue""><u>RESPONSE</u></span></a>","American Honda Motor Co., Inc.",Response to Motion of the California Energy Storage Alliance to Establish Sub-Group and Schedule Joint Workshop
"June 13, 2019","<a href=""https://docs.cpuc.ca.gov/SearchRes.aspx?DocFormat=ALL&DocID=309872403""><span style=""color:blue""><u>RESPONSE</u></span></a>",Southern California Edison Company,Response to the motion of the California Energy Storage Alliance to establish sub-group and schedule workshop in Rulemakings 17-07-007 and 18-12-006 to introduce sub-group proposal on mobile inverter technical requirements for Rule 21 interconnection.
"June 13, 2019","<a href=""https://docs.cpuc.ca.gov/SearchRes.aspx?DocFormat=ALL&DocID=309591845""><span style=""color:blue""><u>MOTION</u></span></a>","Association of Global Automakers, Inc.",MOTION FOR PARTY STATUS
"June 13, 2019","<a href=""https://docs.cpuc.ca.gov/SearchRes.aspx?DocFormat=ALL&DocID=310065092""><span style=""color:blue""><u>RESPONSE</u></span></a>","Electric Motor Werks, Inc.",Response to the Motion of the California Energy Storage Alliance to Establish Sub-Group and Schedule Joint Workshop
"June 13, 2019","<a href=""https://docs.cpuc.ca.gov/SearchRes.aspx?DocFormat=ALL&DocID=309591861""><span style=""color:blue""><u>MOTION</u></span></a>","Electric Motor Werks, Inc.",MOTION FOR PARTY STATUS
"June 13, 2019","<a href=""https://docs.cpuc.ca.gov/SearchRes.aspx?DocFormat=ALL&DocID=309876562""><span style=""color:blue""><u>RESPONSE</u></span></a>","Pacific Gas and Electric Company,San Diego Gas and Electric Company",Joint response to California Energy Storage Alliance motion to establish sub-group and schedule workshop in Rulemakings 17-07-007 and 18-12-006 to introduce sub-group proposal on mobile inverter technical requirements for Rule 21 interconnection.
"June 07, 2019","<a href=""https://docs.cpuc.ca.gov/SearchRes.aspx?DocFormat=ALL&DocID=310065497""><span style=""color:blue""><u>RESPONSE</u></span></a>",Green Power Institute,Comments on Motion of the California Energy Storage Alliance to Establish Sub-Group and Schedule Joint Workshop 
"June 06, 2019","<a href=""https://docs.cpuc.ca.gov/SearchRes.aspx?DocFormat=ALL&DocID=309790808""><span style=""color:blue""><u>RESPONSE</u></span></a>",Nuvve Corporation,Response to motion of the California Energy Storage Alliance to establish sub-group and schedule joint workshop in Rulemaking 17-07-007 and 18-12-006 to introduce sub-group proposal on mobile inverter technical requirements for Rule 21 Interconnection. 
"June 03, 2019","<a href=""https://docs.cpuc.ca.gov/SearchRes.aspx?DocFormat=ALL&DocID=299659910""><span style=""color:blue""><u>REQUEST</u></span></a>",The Utility Reform Network,for intervenor compensation for contribution to D19-03-013
"May 31, 2019","<a href=""https://docs.cpuc.ca.gov/SearchRes.aspx?DocFormat=ALL&DocID=309727762""><span style=""color:blue""><u>RESPONSE</u></span></a>",Pacific Gas and Electric Company,Joint Utilities response opposing Green Power Institute motion for leave to file report.
"May 31, 2019","<a href=""https://docs.cpuc.ca.gov/SearchRes.aspx?DocFormat=ALL&DocID=310066125""><span style=""color:blue""><u>REPORT</u></span></a>",Green Power Institute,Working Group Three Status Report
"May 31, 2019","<a href=""https://docs.cpuc.ca.gov/SearchRes.aspx?DocFormat=ALL&DocID=309714244""><span style=""color:blue""><u>RESPONSE</u></span></a>",CAL ADVOCATES/SALO/CPUC,Response opposing Green Power Institute motion for leave to file report.
"May 29, 2019","<a href=""https://docs.cpuc.ca.gov/SearchRes.aspx?DocFormat=ALL&DocID=294992989""><span style=""color:blue""><u>MOTION</u></span></a>",California Energy Storage Alliance,MOTION TO ESTABLISH SUB-GROUP AND SCHEDULE JOINT WORKSHOP IN RULEMAKINGS 17-07-007 AND 18-12-006 TO INTRODUCE SUB-GROUP PROPOSAL ON MOBILE INVERTER TECHNICAL REQUIREMENTS FOR RULE 21 INTERCONNECTION
"May 24, 2019","<a href=""https://docs.cpuc.ca.gov/SearchRes.aspx?DocFormat=ALL&DocID=292966770""><span style=""color:blue""><u>REQUEST</u></span></a>",Green Power Institute,for intervenor compensation for contribution to D19-03-013.
"May 17, 2019","<a href=""https://docs.cpuc.ca.gov/SearchRes.aspx?DocFormat=ALL&DocID=309727727""><span style=""color:blue""><u>MOTION</u></span></a>",Green Power Institute,MOTION FOR LEAVE TO FILE REPORT
"May 01, 2019","<a href=""https://docs.cpuc.ca.gov/SearchRes.aspx?DocFormat=ALL&DocID=289333025""><span style=""color:blue""><u>REPORT</u></span></a>",Pacific Gas and Electric Company,Status Report on Behalf of the Rule 21 Working Groups
"April 02, 2019","<a href=""https://docs.cpuc.ca.gov/SearchRes.aspx?DocFormat=ALL&DocID=288311957""><span style=""color:blue""><u>REPORT</u></span></a>",California Energy Storage Alliance,Status Report on Behalf of Rule 21 Working Group 3
"March 28, 2019","<a href=""https://docs.cpuc.ca.gov/SearchRes.aspx?DocFormat=ALL&DocID=280095794""><span style=""color:blue""><u>DECISION</u></span></a>",,"Decision D1903013 - Decision Adopting Proposals From March 15, 2018 Working Group One Report."
"March 19, 2019","<a href=""https://docs.cpuc.ca.gov/SearchRes.aspx?DocFormat=ALL&DocID=279246533""><span style=""color:blue""><u>COMMENTS</u></span></a>",The Utility Reform Network,"Reply comments on the Proposed Decision of Commissioner Picker adopting proposals from March 15, 2018 Working Group One Report."
"March 19, 2019","<a href=""https://docs.cpuc.ca.gov/SearchRes.aspx?DocFormat=ALL&DocID=279201943""><span style=""color:blue""><u>COMMENTS</u></span></a>",Pacific Gas and Electric Company,"Reply comments on Proposed Decision adopting proposals from the March 15, 2018 Working Group One Report."
"March 19, 2019","<a href=""https://docs.cpuc.ca.gov/SearchRes.aspx?DocFormat=ALL&DocID=277270175""><span style=""color:blue""><u>COMMENTS</u></span></a>",California Solar & Storage Association,Reply comments on the Proposed Decision adopting proposals from the Working Group One Report.
"March 19, 2019","<a href=""https://docs.cpuc.ca.gov/SearchRes.aspx?DocFormat=ALL&DocID=278980473""><span style=""color:blue""><u>COMMENTS</u></span></a>","Tesla, Inc.","Reply comments on Proposed Decision adopting proposals from the March 15, 2018 Working Group One Report."
"March 19, 2019","<a href=""https://docs.cpuc.ca.gov/SearchRes.aspx?DocFormat=ALL&DocID=279246532""><span style=""color:blue""><u>COMMENTS</u></span></a>",Southern California Edison Company,"Reply comments on Proposed Decision adopting proposals from March 15, 2018 Working Group One Report."
"March 14, 2019","<a href=""https://docs.cpuc.ca.gov/SearchRes.aspx?DocFormat=ALL&DocID=272614383""><span style=""color:blue""><u>COMMENTS</u></span></a>","Interstate Renewable Energy Council, Inc,","Comments on the Proposed Decision adopting proposals from March 15, 2018 Working Group One Report.           "
"March 14, 2019","<a href=""https://docs.cpuc.ca.gov/SearchRes.aspx?DocFormat=ALL&DocID=277270102""><span style=""color:blue""><u>COMMENTS</u></span></a>",SAN DIEGO GAS & ELECTRIC COMPANY,Comments on Proposed Decision.
"March 14, 2019","<a href=""https://docs.cpuc.ca.gov/SearchRes.aspx?DocFormat=ALL&DocID=273180171""><span style=""color:blue""><u>COMMENTS</u></span></a>",California Energy Storage Alliance,"Comments on the Proposed Decision adopting proposals from March 15, 2018 Working Group One Report."
"March 14, 2019","<a href=""https://docs.cpuc.ca.gov/SearchRes.aspx?DocFormat=ALL&DocID=272614381""><span style=""color:blue""><u>COMMENTS</u></span></a>",The Utility Reform Network,"Comments on the Proposed Decision of Commissioner Picker adopting proposals from March 15, 2018 Working Group One Report.           "
"March 14, 2019","<a href=""https://docs.cpuc.ca.gov/SearchRes.aspx?DocFormat=ALL&DocID=273180168""><span style=""color:blue""><u>COMMENTS</u></span></a>",CAL ADVOCATES/SALO/CPUC,"Comments on the Proposed Decision adopting proposals from March 15, 2018 Working Group One Report.           "
"March 14, 2019","<a href=""https://docs.cpuc.ca.gov/SearchRes.aspx?DocFormat=ALL&DocID=279221018""><span style=""color:blue""><u>COMMENTS</u></span></a>","Southern California Edison Company,Pacific Gas & Electric Company","Joint comments on Proposed Decision adopting proposals from March 15, 2018 Working Group One Report."
"March 14, 2019","<a href=""https://docs.cpuc.ca.gov/SearchRes.aspx?DocFormat=ALL&DocID=273147220""><span style=""color:blue""><u>COMMENTS</u></span></a>",California Solar & Storage Association,Comments on the Proposed Decision adopting proposals from the Working Group One Report.
"March 14, 2019","<a href=""https://docs.cpuc.ca.gov/SearchRes.aspx?DocFormat=ALL&DocID=273390817""><span style=""color:blue""><u>COMMENTS</u></span></a>",Green Power Institute,Opening comments on Proposed Decision.
"March 01, 2019","<a href=""https://docs.cpuc.ca.gov/SearchRes.aspx?DocFormat=ALL&DocID=289333011""><span style=""color:blue""><u>REPORT</u></span></a>",San Diego Gas & Electric Company,Status Report on Behalf of the Rule 21 Working Group Three
"February 22, 2019","<a href=""https://docs.cpuc.ca.gov/SearchRes.aspx?DocFormat=ALL&DocID=273390821""><span style=""color:blue""><u>COMMENTS</u></span></a>",Pacific Gas and Electric Company,Reply comments to responses to questions on Working Group Two Report.
"February 22, 2019","<a href=""https://docs.cpuc.ca.gov/SearchRes.aspx?DocFormat=ALL&DocID=268722634""><span style=""color:blue""><u>COMMENTS</u></span></a>",California Energy Storage Alliance,Reply comments on the Administrative Law Judge’s Ruling directing responses to questions on Working Group Two Report.
"February 22, 2019","<a href=""https://docs.cpuc.ca.gov/SearchRes.aspx?DocFormat=ALL&DocID=269933590""><span style=""color:blue""><u>COMMENTS</u></span></a>","Tesla, Inc.",Reply comments pursuant to Administrative Law Judge Hymes’ Ruling directing responses to questions on Working Group Two Report.
"February 22, 2019","<a href=""https://docs.cpuc.ca.gov/SearchRes.aspx?DocFormat=ALL&DocID=274138063""><span style=""color:blue""><u>COMMENTS</u></span></a>",Clean Coalition,Reply comments to Administrative Law Judge’s Ruling directing responses to questions on Working Group Two Report.
"February 22, 2019","<a href=""https://docs.cpuc.ca.gov/SearchRes.aspx?DocFormat=ALL&DocID=270202618""><span style=""color:blue""><u>COMMENTS</u></span></a>",Green Power Institute,Reply comments on Working Group Two Final Report.
"February 22, 2019","<a href=""https://docs.cpuc.ca.gov/SearchRes.aspx?DocFormat=ALL&DocID=272264741""><span style=""color:blue""><u>COMMENTS</u></span></a>","Interstate Remewable Energy Council, Inc,",Reply Comments to Questions on the Rule 21 Working Group Two Proposal
"February 22, 2019","<a href=""https://docs.cpuc.ca.gov/SearchRes.aspx?DocFormat=ALL&DocID=270447125""><span style=""color:blue""><u>COMMENTS</u></span></a>",California Solar & Storage Association,Reply comments on the Working Group Two Final Report.
"February 22, 2019","<a href=""https://docs.cpuc.ca.gov/SearchRes.aspx?DocFormat=ALL&DocID=268737773""><span style=""color:blue""><u>COMMENTS</u></span></a>",Southern California Edison Company,Reply comments on Administrative Law Judge’s Ruling directing responses to questions on Working Group Two Report.
"February 22, 2019","<a href=""https://docs.cpuc.ca.gov/SearchRes.aspx?DocFormat=ALL&DocID=273390808""><span style=""color:blue""><u>COMMENTS</u></span></a>",SAN DIEGO GAS & ELECTRIC COMPANY,Reply Comments to Responses to Questions on Working Group Two Report
"February 22, 2019","<a href=""https://docs.cpuc.ca.gov/SearchRes.aspx?DocFormat=ALL&DocID=266859032""><span style=""color:blue""><u>PROPOSED DECISION</u></span></a>",CMMR/PICKER/CPUC,"DECISION ADOPTING PROPOSALS FROM MARCH 15, 2018 WORKING GROUP ONE REPORT. Opening comments, which shall not exceed 15 pages, are due March 14, 2019. Reply comments, which shall not exceed 5 pages, are due 5 days after the last day for filing comments."
"February 01, 2019","<a href=""https://docs.cpuc.ca.gov/SearchRes.aspx?DocFormat=ALL&DocID=273390820""><span style=""color:blue""><u>RESPONSE</u></span></a>",California Solar & Storage Association,Comments responding to the Working Group Two Report.
"February 01, 2019","<a href=""https://docs.cpuc.ca.gov/SearchRes.aspx?DocFormat=ALL&DocID=268722632""><span style=""color:blue""><u>COMMENTS</u></span></a>","Interstate Remewable Energy Council, Inc,",Comments and responses to questions on the Rule 21 Working Group Two Proposal.
"February 01, 2019","<a href=""https://docs.cpuc.ca.gov/SearchRes.aspx?DocFormat=ALL&DocID=270419275""><span style=""color:blue""><u>COMMENTS</u></span></a>",Green Power Institute,Opening comments on Working Group Two Final Report.
"February 01, 2019","<a href=""https://docs.cpuc.ca.gov/SearchRes.aspx?DocFormat=ALL&DocID=273147213""><span style=""color:blue""><u>RESPONSE</u></span></a>",Clean Coalition,Response to Administrative Law Judge's Ruling Directing Responses to Questions on Working Group Two Report
"February 01, 2019","<a href=""https://docs.cpuc.ca.gov/SearchRes.aspx?DocFormat=ALL&DocID=270422367""><span style=""color:blue""><u>COMMENTS</u></span></a>",Small Business Utility Advocates,Comments on the Administrative Law Judge’s Ruling directing responses to questions on Working Group Two Report.
"February 01, 2019","<a href=""https://docs.cpuc.ca.gov/SearchRes.aspx?DocFormat=ALL&DocID=268722631""><span style=""color:blue""><u>COMMENTS</u></span></a>","Tesla, Inc.",Comments in response to questions posed in Administrative Law Judge Hymes’ Ruling directing responses to questions on Working Group Two Report.
"February 01, 2019","<a href=""https://docs.cpuc.ca.gov/SearchRes.aspx?DocFormat=ALL&DocID=274138060""><span style=""color:blue""><u>RESPONSE</u></span></a>",Pacific Gas and Electric Company,Response to questions on Working Group Two Report.
"February 01, 2019","<a href=""https://docs.cpuc.ca.gov/SearchRes.aspx?DocFormat=ALL&DocID=272264740""><span style=""color:blue""><u>RESPONSE</u></span></a>",The Utility Reform Network,Response to Administrative Law Judge’s Ruling Directing Responses to Questions on Working Group Two Report
"February 01, 2019","<a href=""https://docs.cpuc.ca.gov/SearchRes.aspx?DocFormat=ALL&DocID=270419278""><span style=""color:blue""><u>COMMENTS</u></span></a>",CAL ADVOCATES/SALO/CPUC,Comments on the Rule 21 Working Group Two Final Report. 
"February 01, 2019","<a href=""https://docs.cpuc.ca.gov/SearchRes.aspx?DocFormat=ALL&DocID=272342925""><span style=""color:blue""><u>RESPONSE</u></span></a>",California Energy Storage Alliance,Response to the Administrative Law Judge’s Ruling Directing Responses to Questions on Working Group Two Report
"February 01, 2019","<a href=""https://docs.cpuc.ca.gov/SearchRes.aspx?DocFormat=ALL&DocID=273147208""><span style=""color:blue""><u>RESPONSE</u></span></a>",San Diego Gas & Electric Company,Responses to Questions on Working Group Two Report
"February 01, 2019","<a href=""https://docs.cpuc.ca.gov/SearchRes.aspx?DocFormat=ALL&DocID=272339615""><span style=""color:blue""><u>RESPONSE</u></span></a>",Southern California Edison Company,Response to Administrative Law Judge’s Ruling Directing Responses to Questions on Working Group Two Report
"January 28, 2019","<a href=""https://docs.cpuc.ca.gov/SearchRes.aspx?DocFormat=ALL&DocID=266859211""><span style=""color:blue""><u>RULING</u></span></a>",ALJ/HYMES/CPUC,EMAIL RULING GRANTING BOSCH MOTION TO WITHDRAW AS A PARTY
"December 28, 2018","<a href=""https://docs.cpuc.ca.gov/SearchRes.aspx?DocFormat=ALL&DocID=275248184""><span style=""color:blue""><u>REPORT</u></span></a>",Southern California Edison Company,Status Report By Southern California Edison Company (U 338-E) On Behalf Of The Rule 21 Working Groups In Response To Assigned Commissioner’s Amended Scoping Memo And Joint Administrative Law Judge Ruling Requesting Monthly Status Updates
"December 12, 2018","<a href=""https://docs.cpuc.ca.gov/SearchRes.aspx?DocFormat=ALL&DocID=259972441""><span style=""color:blue""><u>NOTICE</u></span></a>",Bosch Building Grid Technologies,of withdrawal as a party
"December 10, 2018","<a href=""https://docs.cpuc.ca.gov/SearchRes.aspx?DocFormat=ALL&DocID=259972736""><span style=""color:blue""><u>COMMENTS</u></span></a>",SAN DIEGO GAS & ELECTRIC COMPANY,Reply Comments Of San Diego Gas & Electric Company (U 902 E) To Parties’ Responses To Amended Scoping Memo Questions
"December 10, 2018","<a href=""https://docs.cpuc.ca.gov/SearchRes.aspx?DocFormat=ALL&DocID=259972296""><span style=""color:blue""><u>COMMENTS</u></span></a>","Southern California Edison Company,Pacific Gas & Electric Company",Joint Reply Comments Of Southern California Edison Company (U 338-E) And Pacific Gas And Electric Company (U 39-E) On Assigned Commissioner’s Amended Scoping Memo And Joint Administrative Law Judge Ruling
"December 07, 2018","<a href=""https://docs.cpuc.ca.gov/SearchRes.aspx?DocFormat=ALL&DocID=248053589""><span style=""color:blue""><u>RULING</u></span></a>",ALJ/HYMES/CPUC,Administrative Law Judge’s Ruling directing responses to questions on Working Group Two Report.
"December 03, 2018","<a href=""https://docs.cpuc.ca.gov/SearchRes.aspx?DocFormat=ALL&DocID=257687841""><span style=""color:blue""><u>COMMENTS</u></span></a>",Small Business Utility Advocates,Comments of Small Business Utility Advocates
"December 03, 2018","<a href=""https://docs.cpuc.ca.gov/SearchRes.aspx?DocFormat=ALL&DocID=257687840""><span style=""color:blue""><u>COMMENTS</u></span></a>",Tesla Inc.,"Tesla, Inc's Opening Comments"
"December 03, 2018","<a href=""https://docs.cpuc.ca.gov/SearchRes.aspx?DocFormat=ALL&DocID=250362010""><span style=""color:blue""><u>RESPONSE</u></span></a>","Southern California Edison Company,Pacific Gas & Electric Company",JOINT RESPONSE TO ASSIGNED COMMISSIONER’S AMENDED SCOPING MEMO AND JOINT ADMINISTRATIVELAW JUDGE RULING
"December 03, 2018","<a href=""https://docs.cpuc.ca.gov/SearchRes.aspx?DocFormat=ALL&DocID=247361380""><span style=""color:blue""><u>NOTICE</u></span></a>","Interstate Remewable Energy Council, Inc,",of intent to claim intervenor compensation
"December 03, 2018","<a href=""https://docs.cpuc.ca.gov/SearchRes.aspx?DocFormat=ALL&DocID=257711434""><span style=""color:blue""><u>COMMENTS</u></span></a>",Green Power Institute,Green Power Institute Opening Comments on Scoping Memo
"December 03, 2018","<a href=""https://docs.cpuc.ca.gov/SearchRes.aspx?DocFormat=ALL&DocID=249587791""><span style=""color:blue""><u>RESPONSE</u></span></a>",The Utility Reform Network,RESPONSE TO ASSIGNED COMMISSIONER’S AMENDED SCOPING MEMO AND JOINT ADMINISTRATIVE LAW JUDGE RULING
"December 03, 2018","<a href=""https://docs.cpuc.ca.gov/SearchRes.aspx?DocFormat=ALL&DocID=248637484""><span style=""color:blue""><u>RESPONSE</u></span></a>",California Solar & Storage Association,RESPONSE TO QUESTIONS IN THE AMENDED SCOPING MEMO
"December 03, 2018","<a href=""https://docs.cpuc.ca.gov/SearchRes.aspx?DocFormat=ALL&DocID=258116682""><span style=""color:blue""><u>RESPONSE</u></span></a>",SAN DIEGO GAS & ELECTRIC COMPANY,Responses Of San Diego Gas & Electric Company (U 902 E) To Assigned Commissioner’s Amended Scoping Memo And Joint Administrative Law Judge Ruling
"November 28, 2018","<a href=""https://docs.cpuc.ca.gov/SearchRes.aspx?DocFormat=ALL&DocID=243013803""><span style=""color:blue""><u>RULING</u></span></a>",ALJ/HYMES/CPUC,"EMAIL RULING GRANTING PARTY STATUS TO AMERICAN HONDA MOTOR COMPANY, INCORPORATED "
"November 16, 2018","<a href=""https://docs.cpuc.ca.gov/SearchRes.aspx?DocFormat=ALL&DocID=241155616""><span style=""color:blue""><u>SCOPING RULING</u></span></a>","CMMR/PICKER/CPUC,ALJ/HYMES/CPUC","ASSIGNED COMMISSIONER’S AMENDED SCOPING MEMO AND JOINT ADMINISTRATIVE LAW JUDGE RULING.  Parties are directed to respond to questions regardingan approach to address future new interconnection issues that may arise. Responses to the questions are due on December 3, 2018 and reply comments aredue on December 10, 2018.  The proceeding will be resolved within 18 months of the date of this Amended Scoping Memo, as required by Pub. Util. Code § 1701.5.  "
"November 15, 2018","<a href=""https://docs.cpuc.ca.gov/SearchRes.aspx?DocFormat=ALL&DocID=254770984""><span style=""color:blue""><u>COMPLIANCE  FILING</u></span></a>",SAN DIEGO GAS & ELECTRIC COMPANY, Status Report On Behalf Of The Rule 21 Working Groups In Response To Administrative Law Judge’s Ruling Requesting Monthly Status Updates On Working Group Activities To Rulemaking 17-07-007
"November 14, 2018","<a href=""https://docs.cpuc.ca.gov/SearchRes.aspx?DocFormat=ALL&DocID=243008345""><span style=""color:blue""><u>MOTION</u></span></a>","American Honda Motor Co., Inc.",Motion For Party Status
"October 31, 2018","<a href=""https://docs.cpuc.ca.gov/SearchRes.aspx?DocFormat=ALL&DocID=252521716""><span style=""color:blue""><u>REPORT</u></span></a>","SAN DIEGO GAS & ELECTRIC COMPANY,PACIFIC GAS AND ELECTRIC COMPANY,SOUTHERN CALIFORNIA EDISON COMPANY",Working Group Two Final Report
"October 15, 2018","<a href=""https://docs.cpuc.ca.gov/SearchRes.aspx?DocFormat=ALL&DocID=250270234""><span style=""color:blue""><u>REPORT</u></span></a>",Clean Coalition,Status Report Of The Clean Coalition On Behalf Of Working Group Two In Response To Administrative Law Judge’s Ruling Requesting Monthly Status Updates On Working Group Two To Rulemaking 17-07-007.
"October 11, 2018","<a href=""https://docs.cpuc.ca.gov/SearchRes.aspx?DocFormat=ALL&DocID=240635612""><span style=""color:blue""><u>RULING</u></span></a>",ALJ/HYMES/CPUC,E-Mail Ruling of Administrative Law Judge Hymes.
"October 08, 2018","<a href=""https://docs.cpuc.ca.gov/SearchRes.aspx?DocFormat=ALL&DocID=241166984""><span style=""color:blue""><u>RESPONSE</u></span></a>",California Solar & Storage Association,RESPONSE TO JOINT IOU MOTION ON THE SCOPE OF THE PROCEEDING
"October 08, 2018","<a href=""https://docs.cpuc.ca.gov/SearchRes.aspx?DocFormat=ALL&DocID=239744759""><span style=""color:blue""><u>RESPONSE</u></span></a>",Green Power Institute,RESPONSE TO UTILITY JOINT MOTION
"October 08, 2018","<a href=""https://docs.cpuc.ca.gov/SearchRes.aspx?DocFormat=ALL&DocID=241165643""><span style=""color:blue""><u>RESPONSE</u></span></a>",The Utility Reform Network,"RESPONSE TO THE JOINT MOTION OF SOUTHERN CALIFORNIA EDISON COMPANY (U 338-E), SAN DIEGO GAS & ELECTRIC COMPANY (U 902-E), AND PACIFIC GAS AND ELECTRIC COMPANY (U 39-E) TO REVISE CERTAIN DEADLINES"
"October 08, 2018","<a href=""https://docs.cpuc.ca.gov/SearchRes.aspx?DocFormat=ALL&DocID=238286492""><span style=""color:blue""><u>RESPONSE</u></span></a>","Southern California Edison Company,San Diego Gas & Electric Company,Pacific Gas & Electric Company",JOINT RESPONSE TO CALIFORNIA SOLAR & STORAGE ASSOCIATION'S MOTION TO UPDATE THE SCOPE OF THE PROCEEDING
"October 08, 2018","<a href=""https://docs.cpuc.ca.gov/SearchRes.aspx?DocFormat=ALL&DocID=241155614""><span style=""color:blue""><u>RESPONSE</u></span></a>",Cal Advocates/SALO/CPUC,"RESPONSE TO THE JOINT MOTION OF SOUTHERN CALIFORNIA EDISON COMPANY, SAN DIEGO GAS & ELECTRIC COMPANY, AND PACIFIC GAS AND ELECTRIC COMPANY TO REVISE CERTAIN DEADLINES"
"October 08, 2018","<a href=""https://docs.cpuc.ca.gov/SearchRes.aspx?DocFormat=ALL&DocID=241165642""><span style=""color:blue""><u>RESPONSE</u></span></a>",The Utility Reform Network,RESPONSE TO THE MOTION OF THE CALIFORNIA SOLAR & STORAGE ASSOCIATION TO UPDATE THE SCOPE OF THE PROCEEDING
"October 08, 2018","<a href=""https://docs.cpuc.ca.gov/SearchRes.aspx?DocFormat=ALL&DocID=238286494""><span style=""color:blue""><u>RESPONSE</u></span></a>",Clean Coalition,"RESPONSE TO THE JOINT MOTION OF SOUTHERN CALIFORNIA EDISON COMPANY, SAN DIEGO GAS & ELECTRIC COMPANY, AND PACIFIC GAS AND ELECTRIC COMPANY TO REVISE THE RULE 21 WORKING GROUPS SCOPE AND SCHEDULE"
"October 05, 2018","<a href=""https://docs.cpuc.ca.gov/SearchRes.aspx?DocFormat=ALL&DocID=241165646""><span style=""color:blue""><u>RESPONSE</u></span></a>","Interstate Remewable Energy Council, Inc.",RESPONSE TO MOTIONS BY THE JOINT INVESTOR OWNED UTILITIES AND THE CALIFORNIA SOLAR AND STORAGE ASSOCIATION
"September 21, 2018","<a href=""https://docs.cpuc.ca.gov/SearchRes.aspx?DocFormat=ALL&DocID=238286491""><span style=""color:blue""><u>MOTION</u></span></a>","Southern California Edison Company,San Diego Gas & Electric Company,Pacific Gas & Electric Company",JOINT MOTION TO REVISE CERTAIN DEADLINES
"September 21, 2018","<a href=""https://docs.cpuc.ca.gov/SearchRes.aspx?DocFormat=ALL&DocID=241165641""><span style=""color:blue""><u>MOTION</u></span></a>",California Solar & Storage Association,MOTION TO UPDATE THE SCOPE OF THE PROCEEDING
"September 17, 2018","<a href=""https://docs.cpuc.ca.gov/SearchRes.aspx?DocFormat=ALL&DocID=243013774""><span style=""color:blue""><u>REPORT</u></span></a>",Pacific Gas and Electric Company,Working Group Two Status Report In Response To Administrative Law Judge’s Ruling Requesting Monthly Status Updates On Working Group Two To Rulemaking 17-07-007
"September 12, 2018","<a href=""https://docs.cpuc.ca.gov/SearchRes.aspx?DocFormat=ALL&DocID=238286457""><span style=""color:blue""><u>COMMENTS</u></span></a>","Pacific Gas and Electric Company,San Diego Gas & Electric Company",Pacific Gas And Electric Company And San Diego Gas & Electric Jointly Reply To Comments In Response To Administrative Law Judge’s Ruling Requesting Comments On Working Group One Issues Pertaining To Rulemaking 17-07-007.
"September 12, 2018","<a href=""https://docs.cpuc.ca.gov/SearchRes.aspx?DocFormat=ALL&DocID=231128450""><span style=""color:blue""><u>COMMENTS</u></span></a>",Tesla Inc.,Reply Comments on ALJ Ruling Responding to Questions Related to the Rule 21 Working Group One Report
"September 12, 2018","<a href=""https://docs.cpuc.ca.gov/SearchRes.aspx?DocFormat=ALL&DocID=231128738""><span style=""color:blue""><u>COMMENTS</u></span></a>","Interstate Renewable Energy Council, Inc.",Reply Comments to Responses to Questions Posed by the Administrative Law Judge on the Working Group One Report
"September 12, 2018","<a href=""https://docs.cpuc.ca.gov/SearchRes.aspx?DocFormat=ALL&DocID=231128676""><span style=""color:blue""><u>COMMENTS</u></span></a>",Southern California Edison Company,Reply Comments to Administrative Law Judge’s Ruling Directing Responses to Questions on Working Group One Report
"September 12, 2018","<a href=""https://docs.cpuc.ca.gov/SearchRes.aspx?DocFormat=ALL&DocID=240044744""><span style=""color:blue""><u>COMMENTS</u></span></a>",Clean Coalition,Reply Of The Clean Coalition To Comments On Administrative Law Judge’s Ruling Requesting Responses To Questions On Working Group One Final Report
"September 05, 2018","<a href=""https://docs.cpuc.ca.gov/SearchRes.aspx?DocFormat=ALL&DocID=231128358""><span style=""color:blue""><u>RESPONSE</u></span></a>","Interstate Renewable Energy Council, Inc.",Response to Questions Posed by the Administrative Law Judge on the Working Group One Report
"September 05, 2018","<a href=""https://docs.cpuc.ca.gov/SearchRes.aspx?DocFormat=ALL&DocID=231129014""><span style=""color:blue""><u>COMMENTS</u></span></a>",California Solar & Storage Association,Comments on the ALJ Ruling on the Working Group One Report
"September 05, 2018","<a href=""https://docs.cpuc.ca.gov/SearchRes.aspx?DocFormat=ALL&DocID=231128675""><span style=""color:blue""><u>RESPONSE</u></span></a>",Southern California Edison Company,Response to Administrative Law Judge’s Ruling Directing Responses to Questions on Working Group One Report
"September 05, 2018","<a href=""https://docs.cpuc.ca.gov/SearchRes.aspx?DocFormat=ALL&DocID=231128865""><span style=""color:blue""><u>COMMENTS</u></span></a>",Tesla Inc.,Opening Comments to ALJ Ruling Responding to Questions Related to the Rule 21 Working Group One Report
"September 05, 2018","<a href=""https://docs.cpuc.ca.gov/SearchRes.aspx?DocFormat=ALL&DocID=239783955""><span style=""color:blue""><u>RESPONSE</u></span></a>","Pacific Gas and Electric Company,San Diego Gas & Electric Company",Pacific Gas And Electric Company And San Diego Gas & Electric Jointly Reply To Comments In Response To Administrative Law Judge’s Ruling Requesting Comments On Working Group One Issues Pertaining To Rulemaking 17-07-007.
"September 05, 2018","<a href=""https://docs.cpuc.ca.gov/SearchRes.aspx?DocFormat=ALL&DocID=231128567""><span style=""color:blue""><u>RESPONSE</u></span></a>",The Utility Reform Network,Responses to the Administrative Law Judge’s Ruling
"September 05, 2018","<a href=""https://docs.cpuc.ca.gov/SearchRes.aspx?DocFormat=ALL&DocID=231128568""><span style=""color:blue""><u>COMMENTS</u></span></a>",California Energy Storage Alliance,"Comments on the Administrative Law Judge’s Ruling Directing Responses to Attached Questions on Working Group One Report and Granting, in Part, the IREC Motion to Modify Schedule"
"August 15, 2018","<a href=""https://docs.cpuc.ca.gov/SearchRes.aspx?DocFormat=ALL&DocID=221852263""><span style=""color:blue""><u>RULING</u></span></a>",ALJ/HYMES/CPUC,"Administrative Law Judge’s Ruling directing responses to attached questions on Working Group One Report and granting, in part, the Interstate Renewable Energy Council Inc. motion to modify schedule. "
"July 09, 2018","<a href=""https://docs.cpuc.ca.gov/SearchRes.aspx?DocFormat=ALL&DocID=219357940""><span style=""color:blue""><u>MOTION</u></span></a>","Interstate Renewable Energy Council, Inc.",Motion to revise certain deadlines of the R.17-07-007 Scoping Memo.
"April 26, 2018","<a href=""https://docs.cpuc.ca.gov/SearchRes.aspx?DocFormat=ALL&DocID=213824091""><span style=""color:blue""><u>RULING</u></span></a>",ALJ/HYMES/CPUC,"E-Mail Ruling granting party status to Foundation Windpower, LLC and Nuvve Corporation."
"April 17, 2018","<a href=""https://docs.cpuc.ca.gov/SearchRes.aspx?DocFormat=ALL&DocID=213621838""><span style=""color:blue""><u>MOTION</u></span></a>",Nuvve Corporation,Motion for party status.
"April 16, 2018","<a href=""https://docs.cpuc.ca.gov/SearchRes.aspx?DocFormat=ALL&DocID=215366937""><span style=""color:blue""><u>COMMENTS</u></span></a>",Pacific Gas and Electric Company,"Pacific Gas and Electric Company, Southern California Edison Company, and San Diego Gas & Electric Company's comments on the Rule 21 Working Group One Final Report, submitted on March 15, 2018."
"April 16, 2018","<a href=""https://docs.cpuc.ca.gov/SearchRes.aspx?DocFormat=ALL&DocID=226928207""><span style=""color:blue""><u>COMMENTS</u></span></a>",Clean Coalition,Comments on Working Group One Final Report.
"April 16, 2018","<a href=""https://docs.cpuc.ca.gov/SearchRes.aspx?DocFormat=ALL&DocID=215366936""><span style=""color:blue""><u>COMMENTS</u></span></a>","Interstate Renewable Energy Council, Inc.","Interstate Renewable Energy Council, Inc.'s comments on the Rule 21 Working Group One Final Report, submitted on March 15, 2018."
"April 16, 2018","<a href=""https://docs.cpuc.ca.gov/SearchRes.aspx?DocFormat=ALL&DocID=215367247""><span style=""color:blue""><u>COMMENTS</u></span></a>",California Independent System Operator Corporation,"California Independent System Operator's comments on the Rule 21 Working Group One Final Report on Issue 4: Telemetry, submitted on March 15, 2018."
"April 16, 2018","<a href=""https://docs.cpuc.ca.gov/SearchRes.aspx?DocFormat=ALL&DocID=215366939""><span style=""color:blue""><u>COMMENTS</u></span></a>",ORA/SALO/CPUC,"Office of Ratepayer Advocates' comments on the Rule 21 Working Group One Final Report, submitted on March 15, 2018."
"April 16, 2018","<a href=""https://docs.cpuc.ca.gov/SearchRes.aspx?DocFormat=ALL&DocID=215367248""><span style=""color:blue""><u>COMMENTS</u></span></a>",Green Power Institute,"Green Power Institute's comments on Working Group One Final Report, submitted on March 15, 2018."
"April 16, 2018","<a href=""https://docs.cpuc.ca.gov/SearchRes.aspx?DocFormat=ALL&DocID=216790205""><span style=""color:blue""><u>COMMENTS</u></span></a>",California Solar & Storage Association,Comments Of The California Solar & Storage Association On The Working Group One Final Report.
"April 16, 2018","<a href=""https://docs.cpuc.ca.gov/SearchRes.aspx?DocFormat=ALL&DocID=215366938""><span style=""color:blue""><u>COMMENTS</u></span></a>",Tesla Inc.,"Tesla, Inc.'s comments on the Rule 21 Working Group One Final Report, submitted on March 15, 2018."
"April 09, 2018","<a href=""https://docs.cpuc.ca.gov/SearchRes.aspx?DocFormat=ALL&DocID=213823861""><span style=""color:blue""><u>MOTION</u></span></a>","Foundation Windpower, LLC",Motion for party status.
"April 05, 2018","<a href=""https://docs.cpuc.ca.gov/SearchRes.aspx?DocFormat=ALL&DocID=213120030""><span style=""color:blue""><u>RULING</u></span></a>",ALJ/HYMES/CPUC,E-Mail Ruling denying without prejudice motions for party status.
"March 15, 2018","<a href=""https://docs.cpuc.ca.gov/SearchRes.aspx?DocFormat=ALL&DocID=215187077""><span style=""color:blue""><u>REPORT</u></span></a>","SAN DIEGO GAS & ELECTRIC COMPANY,PACIFIC GAS AND ELECTRIC COMPANY,SOUTHERN CALIFORNIA EDISON COMPANY",Working Group One Final Report.
"March 09, 2018","<a href=""https://docs.cpuc.ca.gov/SearchRes.aspx?DocFormat=ALL&DocID=212404460""><span style=""color:blue""><u>MOTION</u></span></a>",Nuvve Corporation,Motion for party status. 
"February 14, 2018","<a href=""https://docs.cpuc.ca.gov/SearchRes.aspx?DocFormat=ALL&DocID=211794527""><span style=""color:blue""><u>RULING</u></span></a>",ALJ/HYMES/CPUC,E-Mail Ruling revising schedule and reassigning Issue Six.
"February 07, 2018","<a href=""https://docs.cpuc.ca.gov/SearchRes.aspx?DocFormat=ALL&DocID=209611852""><span style=""color:blue""><u>NOTICE</u></span></a>",California Solar Energy Industries Association,Notice of Name Change from California Solar Energy Industries Association to California Solar & Storage Association.
"January 25, 2018","<a href=""https://docs.cpuc.ca.gov/SearchRes.aspx?DocFormat=ALL&DocID=209743950""><span style=""color:blue""><u>MOTION</u></span></a>",California Solar Energy Industries Association,Motion to make changes to directives of the R.17-07-007 Scoping Memo.
"January 11, 2018","<a href=""https://docs.cpuc.ca.gov/SearchRes.aspx?DocFormat=ALL&DocID=213120388""><span style=""color:blue""><u>NOTICE</u></span></a>",Bosch Building Grid Technologies,NOTICE OF PARTY NAME CHANGE FROM ROBERT BOSCH LLC TO BOSCH BUILDING GRID TECHNOLOGIES
"November 15, 2017","<a href=""https://docs.cpuc.ca.gov/SearchRes.aspx?DocFormat=ALL&DocID=198869682""><span style=""color:blue""><u>MOTION</u></span></a>",ABC Solar Incorporated,Motion for party status.
"November 08, 2017","<a href=""https://docs.cpuc.ca.gov/SearchRes.aspx?DocFormat=ALL&DocID=198354997""><span style=""color:blue""><u>MOTION</u></span></a>","Foundation Windpower, LLC",Motion for Party Status.
"October 25, 2017","<a href=""https://docs.cpuc.ca.gov/SearchRes.aspx?DocFormat=ALL&DocID=197875912""><span style=""color:blue""><u>RULING</u></span></a>",ALJ/HYMES/CPUC,E-MAIL RULING GRANTING ADVANCED MICROGRID SOLUTION'S MOTION REQUESTING PARTY STATUS
"October 19, 2017","<a href=""https://docs.cpuc.ca.gov/SearchRes.aspx?DocFormat=ALL&DocID=197542149""><span style=""color:blue""><u>RULING</u></span></a>",ALJ/MCKINNEY/CPUC,Administrative Law Judge’s Ruling pursuant to Rule 8.1(c) of the Commission’s Rules of Practice and Procedure regarding customer choice workshop. 
"October 17, 2017","<a href=""https://docs.cpuc.ca.gov/SearchRes.aspx?DocFormat=ALL&DocID=197205526""><span style=""color:blue""><u>MOTION</u></span></a>",Advanced Microgrid Solutions,Motion for Party Status.
"October 13, 2017","<a href=""https://docs.cpuc.ca.gov/SearchRes.aspx?DocFormat=ALL&DocID=197205880""><span style=""color:blue""><u>NOTICE</u></span></a>",Small Business Utility Advocates,OF INTENT TO CLAIM INTERVENOR COMPENSATION
"October 13, 2017","<a href=""https://docs.cpuc.ca.gov/SearchRes.aspx?DocFormat=ALL&DocID=197205951""><span style=""color:blue""><u>NOTICE</u></span></a>",TURN - The Utility Reform Network,OF INTENT TO CLAIM INTERVENOR COMPENSATION
"October 12, 2017","<a href=""https://docs.cpuc.ca.gov/SearchRes.aspx?DocFormat=ALL&DocID=197205901""><span style=""color:blue""><u>NOTICE</u></span></a>",Clean Coalition,of intent to claim intervenor compensation
"October 03, 2017","<a href=""https://docs.cpuc.ca.gov/SearchRes.aspx?DocFormat=ALL&DocID=196382607""><span style=""color:blue""><u>NOTICE</u></span></a>",Green Power Institute,of intent to claim intervenor compensation 
"October 02, 2017","<a href=""https://docs.cpuc.ca.gov/SearchRes.aspx?DocFormat=ALL&DocID=196476255""><span style=""color:blue""><u>SCOPING RULING</u></span></a>","CMMR/PICKER/CPUC,ALJ/HYMES/CPUC","Scoping Memo of Assigned Commissioner and Administrative Law Judge. The category of Phases One and Three of this proceeding is quasi-legislative; Phase Two is categorized as ratesetting. An evidentiary hearing is not necessary at this time, but may be needed at a later date. The scope of the issues and the schedule for this proceeding are as set forth. Ex parte communications are permitted without restriction or reporting for Phase One and Three of this proceeding. With limited exceptions that are subject to reporting requirements, ex parte communications are prohibited in Phase Two of this proceeding.  In Phase Two of this proceeding, Administrative Law Judge Kelly A. Hymes is designated as the Presiding Officer.  "
"September 18, 2017","<a href=""http://www.cpuc.ca.gov/orderadocument/""><span style=""color:blue""><u>TRANSCRIPT</u></span></a>",REPORTING SECTION,"09/13/2017, Prehearing Conference, Pages 1-49"
"September 12, 2017","<a href=""https://docs.cpuc.ca.gov/SearchRes.aspx?DocFormat=ALL&DocID=195586807""><span style=""color:blue""><u>MOTION</u></span></a>",Small Business Utility Advocates,Motion for Party Status.
"August 29, 2017","<a href=""https://docs.cpuc.ca.gov/SearchRes.aspx?DocFormat=ALL&DocID=194926438""><span style=""color:blue""><u>NOTICE</u></span></a>",ACTING CALJ/SIMON/CPUC,Notice of Prehearing Conference. 
"August 25, 2017","<a href=""https://docs.cpuc.ca.gov/SearchRes.aspx?DocFormat=ALL&DocID=194926482""><span style=""color:blue""><u>COMMENTS</u></span></a>",Clean Coalition,Revised reply comments on Order Instituting Rulemaking. 
"August 25, 2017","<a href=""https://docs.cpuc.ca.gov/SearchRes.aspx?DocFormat=ALL&DocID=194602498""><span style=""color:blue""><u>COMMENTS</u></span></a>",ORA/SALO/CPUC,Reply comments on Order Instituting Rulemaking. 
"August 25, 2017","<a href=""https://docs.cpuc.ca.gov/SearchRes.aspx?DocFormat=ALL&DocID=194926454""><span style=""color:blue""><u>COMMENTS</u></span></a>",California Energy Storage Alliance,Reply comments on the Order Instituting Rulemaking. 
"August 25, 2017","<a href=""https://docs.cpuc.ca.gov/SearchRes.aspx?DocFormat=ALL&DocID=194926456""><span style=""color:blue""><u>COMMENTS</u></span></a>","Interstate Renewable Energy Council, Inc.",Reply comments on Order Instituting Rulemaking. 
"August 25, 2017","<a href=""https://docs.cpuc.ca.gov/SearchRes.aspx?DocFormat=ALL&DocID=194926455""><span style=""color:blue""><u>COMMENTS</u></span></a>",Robert Bosch LLC,Reply comments on Order Instituting Rulemaking. 
"August 25, 2017","<a href=""https://docs.cpuc.ca.gov/SearchRes.aspx?DocFormat=ALL&DocID=194598826""><span style=""color:blue""><u>COMMENTS</u></span></a>","Southern California Edison Company,San Diego Gas & Electric Company,Pacific Gas and Electric Company",Joint reply comments on Order Instituting Rulemaking. 
"August 24, 2017","<a href=""https://docs.cpuc.ca.gov/SearchRes.aspx?DocFormat=ALL&DocID=194598790""><span style=""color:blue""><u>MOTION</u></span></a>",TURN - The Utility Reform Network,Motion for Party Status.
"August 14, 2017","<a href=""https://docs.cpuc.ca.gov/SearchRes.aspx?DocFormat=ALL&DocID=194926457""><span style=""color:blue""><u>COMMENTS</u></span></a>",Green Power Institute,Reply comments on Order Instituting Rulemaking. 
"August 14, 2017","<a href=""https://docs.cpuc.ca.gov/SearchRes.aspx?DocFormat=ALL&DocID=194540294""><span style=""color:blue""><u>COMMENTS</u></span></a>",California Solar Energy Industries Association,Reply comments on the Order Instituting Rulemaking. 
"August 14, 2017","<a href=""https://docs.cpuc.ca.gov/SearchRes.aspx?DocFormat=ALL&DocID=194614869""><span style=""color:blue""><u>COMMENTS</u></span></a>",Clean Coalition,Reply comments on Order Instituting Rulemaking.
"August 08, 2017","<a href=""https://docs.cpuc.ca.gov/SearchRes.aspx?DocFormat=ALL&DocID=192870463""><span style=""color:blue""><u>MOTION</u></span></a>",California Independent System Operator Corporation,Motion for Party Status.
"August 02, 2017","<a href=""https://docs.cpuc.ca.gov/SearchRes.aspx?DocFormat=ALL&DocID=192870030""><span style=""color:blue""><u>COMMENTS</u></span></a>",California Energy Storage Alliance,Comments on Order Instituting Rulemaking.
"August 02, 2017","<a href=""https://docs.cpuc.ca.gov/SearchRes.aspx?DocFormat=ALL&DocID=193981675""><span style=""color:blue""><u>COMMENTS</u></span></a>",Liberty Utilities (CalPeco Electric) LLC,Comments on the Order Instituting Rulemaking. 
"August 02, 2017","<a href=""https://docs.cpuc.ca.gov/SearchRes.aspx?DocFormat=ALL&DocID=193576277""><span style=""color:blue""><u>COMMENTS</u></span></a>",Robert Bosch LLC,Comments on Order Instituting Rulemaking.
"August 02, 2017","<a href=""https://docs.cpuc.ca.gov/SearchRes.aspx?DocFormat=ALL&DocID=193982445""><span style=""color:blue""><u>COMMENTS</u></span></a>",Solar Energy Industries Association,Comments on the Order Instituting Rulemaking to consider streamlining interconnection of distributed energy resources and improvements to Rule 21.
"August 02, 2017","<a href=""https://docs.cpuc.ca.gov/SearchRes.aspx?DocFormat=ALL&DocID=192870248""><span style=""color:blue""><u>COMMENTS</u></span></a>","Southern California Edison Company,SAN DIEGO GAS & ELECTRIC COMPANY,PACIFIC GAS & ELECTRIC COMPANY",Joint comments on Order Instituting Rulemaking.
"August 02, 2017","<a href=""https://docs.cpuc.ca.gov/SearchRes.aspx?DocFormat=ALL&DocID=193982671""><span style=""color:blue""><u>COMMENTS</u></span></a>",Bioenergy Association of California,Comments on Order Instituting Rulemaking to consider streamlining interconnection of distributed energy resources and improvements to Rule 21.
"August 02, 2017","<a href=""https://docs.cpuc.ca.gov/SearchRes.aspx?DocFormat=ALL&DocID=192870140""><span style=""color:blue""><u>COMMENTS</u></span></a>","Tesla, Inc.",Comments on Order Instituting Rulemaking.
"August 02, 2017","<a href=""https://docs.cpuc.ca.gov/SearchRes.aspx?DocFormat=ALL&DocID=194598823""><span style=""color:blue""><u>COMMENTS</u></span></a>",Green Power Institute,Opening comments on Order Instituting Rulemaking. 
"August 02, 2017","<a href=""https://docs.cpuc.ca.gov/SearchRes.aspx?DocFormat=ALL&DocID=193982123""><span style=""color:blue""><u>COMMENTS</u></span></a>",OSA/ANGELOPULO/CPUC,Comments recommending a modification to the scope of issues to be considered in the Order Instituting Rulemaking to consider streamlining interconnection of distributed energy resources and improvements to Rule 21.
"August 02, 2017","<a href=""https://docs.cpuc.ca.gov/SearchRes.aspx?DocFormat=ALL&DocID=193982118""><span style=""color:blue""><u>COMMENTS</u></span></a>",Independent Energy Producers Association,Opening comments on the Order and Preliminary Scoping Memo.  
"August 02, 2017","<a href=""https://docs.cpuc.ca.gov/SearchRes.aspx?DocFormat=ALL&DocID=193982337""><span style=""color:blue""><u>COMMENTS</u></span></a>",California Solar Energy Industries Association,Comments on the Order Instituting Rulemaking. 
"August 02, 2017","<a href=""https://docs.cpuc.ca.gov/SearchRes.aspx?DocFormat=ALL&DocID=193982114""><span style=""color:blue""><u>COMMENTS</u></span></a>",PacifiCorp,Comments on the Order Instituting Rulemaking to consider streamlining interconnection of distributed energy resources and improvements to Rule 21.
"August 02, 2017","<a href=""https://docs.cpuc.ca.gov/SearchRes.aspx?DocFormat=ALL&DocID=193571015""><span style=""color:blue""><u>COMMENTS</u></span></a>","Interstate Renewable Energy Council, Inc.",Comments on Order Instituting Rulemaking.
"August 02, 2017","<a href=""https://docs.cpuc.ca.gov/SearchRes.aspx?DocFormat=ALL&DocID=193982787""><span style=""color:blue""><u>COMMENTS</u></span></a>","Sunverge Energy, Inc.",Opening comments on Order Instituting Rulemaking to consider streamlining interconnection of distributed energy resources and improvements to Rule 21.
"August 02, 2017","<a href=""https://docs.cpuc.ca.gov/SearchRes.aspx?DocFormat=ALL&DocID=193982339""><span style=""color:blue""><u>COMMENTS</u></span></a>",Bear Valley Electric Service,Opening comments on the Order Instituting Rulemaking. 
"August 02, 2017","<a href=""https://docs.cpuc.ca.gov/SearchRes.aspx?DocFormat=ALL&DocID=193982562""><span style=""color:blue""><u>COMMENTS</u></span></a>",ORA/SALO/CPUC,Comments on Order Instituting Rulemaking to consider streamlining interconnection of distributed energy resources and improvements to Rule 21.
"August 02, 2017","<a href=""https://docs.cpuc.ca.gov/SearchRes.aspx?DocFormat=ALL&DocID=193982124""><span style=""color:blue""><u>COMMENTS</u></span></a>","ChargePoint, Inc.",Opening comments on the Order Instituting Rulemaking to consider streamlining interconnection of distributed energy resources and improvements to Rule 21.
"August 02, 2017","<a href=""https://docs.cpuc.ca.gov/SearchRes.aspx?DocFormat=ALL&DocID=193982125""><span style=""color:blue""><u>COMMENTS</u></span></a>",Clean Coalition,Comments on Order Instituting Rulemaking to consider streamlining interconnection of distributed energy resources and improvements to Rule 21.
"July 25, 2017","<a href=""https://docs.cpuc.ca.gov/SearchRes.aspx?DocFormat=ALL&DocID=192326283""><span style=""color:blue""><u>MOTION</u></span></a>",Solar Energy Industries Association,Motion for Party Status.
"July 21, 2017","<a href=""https://docs.cpuc.ca.gov/SearchRes.aspx?DocFormat=ALL&DocID=192326030""><span style=""color:blue""><u>NOTICE</u></span></a>",ACTING CALJ/FARRAR/CPUC,Notice of Assignment.
"July 13, 2017","<a href=""https://docs.cpuc.ca.gov/SearchRes.aspx?DocFormat=ALL&DocID=192079467""><span style=""color:blue""><u>COMMISSION RULEMAKING</u></span></a>",CPUC,Order Instituting Rulemaking to Consider Streamlining Interconnection of Distributed Energy Resources and Improvements to Rule 21.
